stop_id,stop_code,stop_name,stop_desc,stop_lat,stop_lon,zone_id,stop_url,location_type,parent_station,stop_timezone,wheelchair_boarding
2,CiviCent,Civic Center-Salem Library,COMMERCIAL ST SE & LESLIE ST SE,44.935459,-123.042774,,,,,,0
4,ComMadOB,Commercial @ Madrona,COMMERCIAL ST SE & MADRONA AV SE,44.905562,-123.042347,,,,,,0
6,ComWilOB,Commercial @ Wiltsey,COMMERCIAL ST SE & MADRAS ST SE,44.869239,-123.022314,,,,,,0
7,SunNeaOB,Sunnyside @ Neahkahnie,SUNNYSIDE RD SE & NEAHKAHNIE ST SE,44.860453,-123.030679,,,,,,0
9,ComBroIB,Commercial @ Browning,COMMERCIAL ST SE & OAKHILL AV SE,44.899484,-123.038578,,,,,,0
10,ComVisIB,Commercial @ Vista,COMMERCIAL ST SE & VISTA AV SE,44.911653,-123.045011,,,,,,0
11,LibKeaIB,Liberty @ Kearney,LIBERTY ST SE & MISSION ST SE,44.932103,-123.042261,,,,,,0
13,DSt_14th,D St @ 14th,D ST NE & 14TH ST NE,44.945114,-123.019921,,,,,,0
15,LancMark,Lancaster @ Market,LANCASTER DR NE & MARKET ST NE,44.949967,-122.983519,,,,,,0
16,LanDevNB,Lancaster @ Devonshire,LANCASTER DR NE & DEVONSHIRE CT NE,44.96581,-122.983452,,,,,,0
19,CapMarOB,Capitol @ Market,CAPITOL ST NE & GAINES ST NE,44.949122,-123.023105,,,,,,0
25,SumMarIB,Summer @ Market,SUMMER ST NE & GAINES ST NE,44.949605,-123.024925,,,,,,0
28,CheCleOB,Cherry @ Clearview,CHERRY AV NE & HORIZON CT NE,44.981534,-123.023788,,,,,,0
32,Cen13OB,Center @ 13th,CENTER ST NE & UNNAMED ST,44.940011,-123.024286,,,,,,0
33,Cen24OB,Center @ 24th,CENTER ST NE & BOBOLINK DR NE,44.939937,-123.008861,,,,,,0
35,CenConOB,Center @ Concord,CENTER ST NE & LANCASTER DR NE,44.939643,-122.981363,,,,,,0
36,RoyCenOB,Royalty @ Center,ROYALTY DR NE & CENTER ST NE,44.9400007,-122.966626,,,,,,0
38,CenLanNW,Center @ Lancaster,CENTER ST NE & LANCASTER DR NE,44.939779,-122.983875,,,,,,0
39,Cen24IB,Center @ 24th,CENTER ST NE & 24TH ST NE,44.9401,-123.00814,,,,,,0
42,12RurOB,12th @ Rural,12TH ST SE & RURAL AV SE,44.921286,-123.030731,,,,,,0
43,PriMadOB,Pringle @ Madrona,PRINGLE RD SE & MADRONA AV SE,44.90543,-123.026058,,,,,,0
45,SunnBoon,Sunnyside @ Boone,SUNNYSIDE RD SE & UNNAMED ST,44.883156,-123.037005,,,,,,0
46,PriGeoIB,Pringle @ Georgia,PRINGLE RD SE & GEORGIA AV SE,44.905471,-123.0258,,,,,,0
47,13RurIB,13th @ Rural,13TH ST SE & HOYT ST SE,44.921133,-123.029259,,,,,,0
49,25HelmOB,25th @ Helm,25TH ST SE & HELM ST SE,44.923567,-123.010832,,,,,,0
55,25ClaIB,25th @ Claude,25TH ST SE & ADAMS ST SE,44.925409,-123.010587,,,,,,0
59,LibeRock,Liberty @ Rock Creek,LIBERTY RD S & ROCK CREEK DR S,44.876737,-123.061494,,,,,,0
62,BroaFMOB,Broadway @ Fred Meyer (east side),BROADWAY ST NE & SALEM PY NE,44.969089,-123.028336,,,,,,0
63,RivCheOB,River Rd @ Chemawa,RIVER RD N & CHURCHDALE AV N,44.996551,-123.026507,,,,,,0
66,LocWhiOB,Lockhaven @ Kalmia (Whiteaker MS),LOCKHAVEN DR NE & KALMIA DR NE,45.006129,-123.011962,,,,,,0
68,7WallaOB,7th @ Wallace,7TH ST NW & WALLACE RD NW,44.948761,-123.051783,,,,,,0
69,EdgKinOB,Edgewater @ Kingwood,EDGEWATER ST NW & KINGWOOD AV NW,44.93981,-123.060281,,,,,,0
74,GleParOB,Glen Creek @ Parkway,GLEN CREEK RD NW & KINGWOOD DR NW,44.950229,-123.065252,,,,,,0
76,CheSafSB,Chemawa @ 7th (Safeway),CHEMAWA RD NE & RIVER RD N,44.996791,-123.023978,,,,,,0
77,Hyac25SB,Hyacinth @ 25th,HYACINTH ST NE & 25TH AV NE,44.980417,-123.000251,,,,,,0
78,StaLanOB,State @ Lancaster (Eastbound),STATE ST & LANCASTER DR SE,44.927808,-122.98263,,,,,,0
85,Stat14IB,State @ 14th,STATE ST & 14TH ST NE,44.936351,-123.024021,,,,,,0
86,17MarkOB,17th @ Market,17TH ST NE & MARKET ST NE,44.948681,-123.013487,,,,,,0
105,LancSMHP,Lancaster @ Sundial MHP,2200 LANCASTER DR SE & UNNAMED ST,44.906639,-122.977405,,,,,,0
106,MCCF,Marion Co. Correctional Facility,AUMSVILLE HW SE & JOSEPH ST SE,44.894989,-122.96162,,,,,,0
107,LanCarNB,Lancaster @ Carson,LANCASTER DR SE & CARSON DR SE,44.910019,-122.97848,,,,,,0
109,WinBelOB,Winter @ Belmont,WINTER ST NE & E ST NE,44.948916,-123.026912,,,,,,0
113,BroSurIB,Brown @ Surfwood (North Entrance),BROWN RD NE & ARIZONA AV NE,44.967261,-122.970745,,,,,,0
114,WinBelIB,Winter @ Belmont,WINTER ST NE & BELMONT ST NE,44.94905,-123.027026,,,,,,0
128,CourCapi,Court @ Capitol,COURT ST NE & WINTER ST NE,44.938806,-123.028874,,,,,,0
130,MisUniOB,Mission @ University,MISSION ST SE & UNIVERSITY ST SE,44.930379,-123.032038,,,,,,0
131,Miss23rd,Mission @ 23rd,23RD ST SE & MISSION ST SE,44.923969,-123.013979,,,,,,0
137,BaxtComm,Baxter @ Commercial,BAXTER RD SE & COMMERCIAL ST SE,44.877629,-123.026058,,,,,,0
146,HayNanNB,Hayesville @ Nandale,HAYESVILLE DR NE & NANDALE DR NE,44.989795,-122.986254,,,,,,0
147,KaleHapp,Kale @ Happy,KALE ST NE & HAPPY DR NE,44.997079,-122.975583,,,,,,0
148,FuhBohIB,Fuhrer @ Bohannon,FUHRER ST NE & BOHANNON ST NE,44.990378,-122.962421,,,,,,0
152,DSt14IB,D St @ 14th,D ST NE & 14TH ST NE,44.945123,-123.019515,,,,,,0
156,LanFMSB,Lancaster @ Cypress (Fred Meyer),LANCASTER DR NE & CYPRESS ST NE,44.948477,-122.983844,,,,,,0
159,RoyCenIB,Royalty @ Center,ROYALTY DR NE & CENTER ST NE,44.939727,-122.96681,,,,,,0
163,DelSKT_W,Del Webb @ Salem Industrial,DEL WEBB AV NE & STATE ST,44.970121,-123.017328,,,,,,0
167,WinOakIB,Winter @ Oak (Salem Hospital),WINTER ST SE & MISSION ST SE,44.933452,-123.034639,,,,,,0
170,LibMadIB,Liberty @ Madrona,LIBERTY RD S & MADRONA AV S,44.904206,-123.050595,,,,,,0
173,LibFerIB,Liberty @ Ferry,LIBERTY ST SE & FERRY ST SE,44.938864,-123.039299,,,,,,0
175,HigDivIB,High @ Division,HIGH ST NE & DIVISION ST NE,44.946319,-123.033891,,,,,,0
176,RiveChem,River Rd @ Chemawa,RIVER RD N & CHEMAWA RD N,44.997179,-123.026707,,,,,,0
177,BroFMIB,Broadway @ Fred Meyer (west side),,44.968938,-123.028715,,,,,,0
178,BatBooOB,Battle Creek @ Boone,BATTLE CREEK RD SE & KUEBLER BV SE,44.883085,-123.011859,,,,,,0
182,EdgKinIB,Edgewater @ Kingwood,EDGEWATER ST NW & EB ROSEMONT AV RP,44.939711,-123.060294,,,,,,0
184,LanStaNB,Lancaster @ State,LANCASTER DR SE & LA BRANCH ST SE,44.927712,-122.983338,,,,,,0
192,Miss23IB,Mission @ 23rd,MISSION ST SE & 23RD ST SE,44.924212,-123.01373,,,,,,0
200,17MarIB,17th @ Market,17TH ST NE & MARKET ST NE,44.948726,-123.013575,,,,,,0
202,StaLanIB,State @ Lancaster (Westbound),STATE ST & LANCASTER DR NE,44.92808,-122.984109,,,,,,0
203,Mark17IB,Market @ 17th,MARKET ST NE & 17TH ST NE,44.948837,-123.013168,,,,,,0
204,Mark17OB,Market @ 17th,MARKET ST NE & 17TH ST NE,44.948632,-123.013812,,,,,,0
206,DelSKT_E,Del Webb @ Salem Industrial,DEL WEBB AV NE & VAN NESS AV NE,44.970517,-123.017366,,,,,,0
207,Stat17OB,State @ 17th,STATE ST & 17TH ST NE,44.935211,-123.020561,,,,,,0
211,ComFMIB,Commercial @ Madrona (Fred Meyer),COMMERCIAL ST SE & OAKHILL AV SE,44.905832,-123.042423,,,,,,0
213,MadComSE,Madrona @ Commercial,MADRONA AV SE & COMMERCIAL ST SE,44.904754,-123.040584,,,,,,0
214,Stat14OB,State @ 14th,STATE ST & 14TH ST NE,44.936265,-123.02458,,,,,,0
223,NE_P&R,Market Street Park and Ride,NE PARK & RIDE,44.951705,-122.99289,,,,,,0
227,SumMarSW,Summer @ Marion,SUMMER ST NE & MARION ST NE,44.942239,-123.028638,,,,,,0
230,ComWMIB,Commercial @ Baxter (Walmart),COMMERCIAL ST SE & BAXTER RD SE,44.878412,-123.027966,,,,,,0
231,ComRiAIB,Commercial @ Keglers (Rite Aid),COMMERCIAL ST SE & HILFIKER LN SE,44.888977,-123.033874,,,,,,0
254,8thGerOB,8th @ Gerth,8TH ST NW & MCNARY AV NW,44.946036,-123.061718,,,,,,0
261,EolKinIB,Eola @ Kingwood,EOLA DR NW & FLYING SQUIRREL WY NW,44.939116,-123.070689,,,,,,0
264,CapMari,Capitol @ Marion,CAPITOL ST NE & MARION ST NE,44.941718,-123.026836,,,,,,0
266,ComMis,Commercial @ Mission,COMMERCIAL ST SE & MISSION ST S,44.93337,-123.043951,,,,,,0
268,ComMyeOB,Commercial @ Myers,COMMERCIAL ST SE & WILSON ST SE,44.927251,-123.04433,,,,,,0
269,ComWasOB,Commercial @ Washington,COMMERCIAL ST SE & WASHINGTON ST SE,44.924232,-123.044532,,,,,,0
270,ComHoyOB,Commercial @ Hoyt,COMMERCIAL ST SE & HOYT ST S,44.919183,-123.044835,,,,,,0
277,OrcDoaIB,Orchard Heights @ Doaks Ferry,ORCHARD HEIGHTS RD NW,44.960318,-123.078503,,,,,,0
286,BruWilOB,Brush College @ Wilark,BRUSH COLLEGE RD NW & WILARK DR NW,44.971238,-123.073154,,,,,,0
287,DoaGibIB,Doaks Ferry @ Gibsonwoods,DOAKS FERRY RD NW & GIBSONWOODS CT NW,44.969098,-123.078116,,,,,,0
290,CapiDSt.,Capitol @ D St,CAPITOL ST NE & D ST NE,44.946013,-123.024615,,,,,,0
298,LanDStNB,Lancaster @ D St,LANCASTER DR NE & D ST NE,44.943795,-122.98334,,,,,,0
299,LanWeaNB,Lancaster @ Weathers,LANCASTER DR NE & ANITA DR NE,44.946087,-122.983498,,,,,,0
300,LanCypNB,Lancaster @ Cypress,LANCASTER DR NE & CYPRESS ST NE,44.947794,-122.983642,,,,,,0
301,LancSunn,Lancaster @ Sunnyview,LANCASTER DR NE & SUNNYVIEW RD NE,44.952924,-122.983625,,,,,,0
303,LanWolNB,Lancaster @ Wolverine,2400 LANCASTER DR NE & WOLVERINE ST NE,44.957947,-122.983546,,,,,,0
304,LanBevNB,Lancaster @ Beverly,LANCASTER DR NE & BEVERLY AV NE,44.961092,-122.983531,,,,,,0
308,LanSatNB,Lancaster @ Satter,LANCASTER DR NE & UNNAMED ST,44.979228,-122.983177,,,,,,0
309,LanWarNB,Lancaster @ Ward,LANCASTER DR NE & WARD DR NE,44.983027,-122.983211,,,,,,0
310,LanJadNB,Lancaster @ Jade,LANCASTER DR NE & NORTH NEWCASTLE CR NE,44.985885,-122.983146,,,,,,0
315,KalPorOB,Kale @ Portland Rd,KALE ST NE & PORTLAND RD NE,44.997143,-122.980027,,,,,,0
316,HapGerIB,Happy @ Geranium,HAPPY DR NE & GERANIUM AV NE,44.993197,-122.97584,,,,,,0
317,HapHayIB,Happy @ Hayesville,HAPPY DR NE & HAYESVILLE DR NE,44.990079,-122.975995,,,,,,0
318,HayHarIB,Hayesville @ Harlan,HAYESVILLE DR NE & HARLAN DR NE,44.990086,-122.971017,,,,,,0
319,HayJanIB,Hayesville @ Janice,HAYESVILLE DR NE & PATRICIA ST NE,44.990084,-122.966472,,,,,,0
320,FuhWBP,Fuhrer @ WB Post,FUHRER ST NE & BOHANNON ST NE,44.988072,-122.962696,,,,,,0
321,FuhJadIB,Fuhrer @ Jade,FUHRER ST NE & JANICE AV NE,44.986182,-122.962869,,,,,,0
332,CapMadOB,Capitol @ Madison,CAPITOL ST NE & MADISON ST NE,44.95401,-123.020744,,,,,,0
334,FaiSunOB,Fairgrounds @ Sunnyview,FAIRGROUNDS RD NE & ACADEMY ST NE,44.95658,-123.019881,,,,,,0
339,WallOrch,Wallace @ Orchard Hts,WALLACE RD NW & ORCHARD HEIGHTS RD NW,44.954529,-123.052762,,,,,,0
340,WalHopOB,Wallace @ Hope,WALLACE RD NW & HOPE AV NW,44.958779,-123.053944,,,,,,0
341,WalEmpOB,Wallace @ Empire,WALLACE RD NW & EMPIRE ST NW,44.961053,-123.054859,,,,,,0
342,WalHarOB,Wallace @ Harritt,WALLACE RD NW & HARRITT DR NW,44.964401,-123.056837,,,,,,0
366,Tay5thIB,Taybin @ 5th,TAYBIN RD NW & 5TH AV NW,44.95187,-123.050465,,,,,,0
373,PorHyaOB,Portland Rd @ Hyacinth,PORTLAND RD NE & HYACINTH ST NE,44.979455,-122.996899,,,,,,0
374,Port4646,4646 Portland Rd,PORTLAND RD NE & ASTORIA ST NE,44.987864,-122.98929,,,,,,0
375,PorHaySB,Portland Rd @ Hayesville,PORTLAND RD NE & HAYESVILLE DR NE,44.989813,-122.987587,,,,,,0
377,UniHigOB,Union @ High,UNION ST NE & HIGH ST NE,44.945088,-123.034081,,,,,,0
379,HigWilOB,High @ Willow,HIGH ST NE & WILLOW ST NE,44.947289,-123.033231,,,,,,0
380,BroBelOB,Broadway @ Belmont,BROADWAY ST NE & E ST NE,44.950098,-123.031829,,,,,,0
381,BroShiOB,Broadway @ Shipping,BROADWAY ST NE & SHIPPING ST NE,44.953491,-123.03013,,,,,,0
382,BroMadOB,Broadway @ Madison,BROADWAY ST NE & MADISON ST NE,44.956122,-123.028828,,,,,,0
383,BroAcaOB,Broadway @ Academy,BROADWAY ST NE & ACADEMY ST NE,44.958765,-123.028525,,,,,,0
388,CheHicOB,Cherry @ Hickory,CHERRY AV NE & HICKORY ST NE,44.963328,-123.019334,,,,,,0
392,ChePlyOB,Cherry @ Plymouth,CHERRY AV NE & PLYMOUTH DR NE,44.974731,-123.021541,,,,,,0
393,CheCanOB,Cherry @ Candlewood,3640 CHERRY AV NE & CADE AV NE,44.978011,-123.022557,,,,,,0
401,VerdChem,Verda @ Chemawa,VERDA LN NE & CHEMAWA RD NE,44.997502,-123.012472,,,,,,0
405,LockKlic,Lockhaven @ Klicitat,LOCKHAVEN DR NE & KLICITAT DR NE,45.005974,-123.00995,,,,,,0
406,CheModEB,Chemawa @ Modoc,CHEMAWA RD NE & MCLEOD LN NE,45.003953,-123.006197,,,,,,0
407,CheSprIB,Chemawa @ Springtime,CHEMAWA RD NE & SPRINGTIME CT NE,45.001653,-123.009588,,,,,,0
417,ChePlyIB,Cherry @ Plymouth,CHERRY AV NE & PLYMOUTH DR NE,44.974543,-123.02163,,,,,,0
419,CheWeeIB,Cherry @ Weeks,CHERRY AV NE & CANDLEWOOD DR NE,44.977149,-123.022442,,,,,,0
424,BroShiIB,Broadway @ Shipping,BROADWAY ST NE & NORWAY ST NE,44.953723,-123.030186,,,,,,0
425,BroGaiIB,Broadway @ Gaines,BROADWAY ST NE & MARKET ST NE,44.951827,-123.031201,,,,,,0
427,BroColIB,Broadway @ Columbia,BROADWAY ST NE & COLUMBIA ST NE,44.959067,-123.028795,,,,,,0
428,BroJefIB,Broadway @ Jefferson,BROADWAY ST NE & JEFFERSON ST NE,44.955506,-123.029349,,,,,,0
430,PortHaye,Portland Rd @ Hayesville,4685 PORTLAND RD NE & HAYESVILLE DR NE,44.989436,-122.988108,,,,,,0
431,PortAsto,Portland Rd @ Astoria,PORTLAND RD NE & ASTORIA ST NE,44.98688,-122.990526,,,,,,0
432,PortHyac,Portland Rd @ Hyacinth,PORTLAND RD NE & ASTORIA ST NE,44.97908,-122.997538,,,,,,0
438,SilHigIB,Silverton Rd @ Highway Ave,SILVERTON RD NE & DUNCAN AV NE,44.965024,-123.003864,,,,,,0
440,PorLanIB,Portland Rd @ Lana,PORTLAND RD NE & LANA AV NE,44.966607,-123.009319,,,,,,0
443,SumMadIB,Summer @ Madison,SUMMER ST NE & MADISON ST NE,44.954639,-123.022419,,,,,,0
444,SumNorIB,Summer @ Norway,SUMMER ST NE & JEFFERSON ST NE,44.952923,-123.02327,,,,,,0
445,SumHooIB,Summer @ Hood,SUMMER ST NE & HOOD ST NE,44.951216,-123.024133,,,,,,0
446,SumDStIB,Summer @ D St,SUMMER ST NE & D ST NE,44.946777,-123.026354,,,,,,0
447,SumUniIB,Summer @ Union,SUMMER ST NE & D ST NE,44.943533,-123.027965,,,,,,0
458,LanCooIB,Lancaster @ Cooley,LANCASTER DR NE & COOLEY DR NE,44.976261,-122.983457,,,,,,0
459,LanRoAIB,Lancaster @ Winema (Rockwood Apts),LANCASTER DR NE & ROCKWOOD PARK NE,44.972864,-122.983485,,,,,,0
460,LanGooIB,Lancaster @ Stortz (Goodwill),3535 LANCASTER DR NE & STORTZ AV NE,44.971462,-122.983499,,,,,,0
462,LanDevIB,Lancaster @ Devonshire (Walmart),LANCASTER DR NE & DEVONSHIRE AV NE,44.965963,-122.983591,,,,,,0
463,LanBevIB,Lancaster @ Beverly,LANCASTER DR NE & BEVERLY AV NE,44.9612,-122.983671,,,,,,0
464,LanWolIB,Lancaster @ Wolverine,LANCASTER DR NE & WOLVERINE ST NE,44.958343,-122.983685,,,,,,0
465,LanSunIB,Lancaster @ Sunnyview,LANCASTER DR NE & SUNNYVIEW RD NE,44.954092,-122.983846,,,,,,0
467,LanMarIN,Lancaster @ Market,,44.951352,-122.983829,,,,,,0
477,DStCapIB,D St @ Capitol,D ST NE & CAPITOL ST NE,44.946409,-123.024666,,,,,,0
478,CentCapi,Center @ Capitol,CENTER ST NE & 12TH ST NE,44.940652,-123.027066,,,,,,0
480,Cen17OB,Center @ 17th,CENTER ST NE & 17TH ST NE,44.939328,-123.017524,,,,,,0
481,Cen21OB,Center @ 21st,CENTER ST NE & BREYS AV NE,44.939669,-123.012613,,,,,,0
484,CenEdiOB,Center @ Edina,CENTER ST NE & EDINA LN NE,44.939791,-122.99636,,,,,,0
485,CenOreOB,Center @ Oregon,CENTER ST NE & HAWTHORNE AV NE,44.939746,-122.992706,,,,,,0
486,CenTieOB,Center @ Tierra Dr,CENTER ST NE & TIERRA DR NE,44.93966,-122.977874,,,,,,0
487,Cen45OB,Center @ 45th Pl,CENTER ST NE & 45TH PL NE,44.93964,-122.97285,,,,,,0
488,RoyRegOB,Royalty @ Regal,ROYALTY DR NE & REGAL DR NE,44.942896,-122.966926,,,,,,0
489,RoyWinOB,Royalty @ Windsor,ROYALTY DR NE & WINDSOR WY NE,44.945959,-122.968345,,,,,,0
490,RoyKinOB,Royalty @ Kingdom Way,ROYALTY DR NE & KINGDOM WY NE,44.948271,-122.968577,,,,,,0
501,SwePriIB,Swegle @ Princess,SWEGLE RD NE & PRINCESS LN NE,44.949035,-122.965406,,,,,,0
503,RoyWinIB,Royalty @ Windsor,ROYALTY DR NE & WINDSOR WY NE,44.945901,-122.96853,,,,,,0
504,RoyRegIB,Royalty @ Regal,ROYALTY DR NE & REGAL DR NE,44.942962,-122.967112,,,,,,0
505,CenMitIB,Center @ Mitchell,CENTER ST NE & 45TH PL NE,44.939775,-122.972558,,,,,,0
506,CentFire,Center @ Firebird Lanes,4303 CENTER ST NE & CITATION DR NE,44.939822,-122.977094,,,,,,0
507,CenNorIB,Center @ Norman,CENTER ST NE & NORMAN AV NE,44.939918,-122.993101,,,,,,0
509,CentConc,Center @ Concord,CENTER ST NE & LANCASTER DR NE,44.939769,-122.981909,,,,,,0
511,Cen27IB,Center @ 27th,CENTER ST NE & 27TH PL NE,44.939954,-123.001384,,,,,,0
513,CenBreIB,Center @ Breys,CENTER ST NE & 21ST ST NE,44.939828,-123.012662,,,,,,0
514,Cen19IB,Center @ 19th,CENTER ST NE & 19TH ST NE,44.939624,-123.015393,,,,,,0
515,Cen17IB,Center @ 17th,CENTER ST NE & 17TH ST NE,44.939427,-123.017929,,,,,,0
516,CenWyaIB,Center @ Wyatt,CENTER ST NE & WYATT CT NE,44.939301,-123.019858,,,,,,0
518,Cou12IB,Court @ 12th,COURT ST NE & 13TH ST NE,44.938161,-123.026305,,,,,,0
519,CouWinIB,Court @ Winter,COURT ST NE & CAPITOL ST NE,44.939467,-123.031508,,,,,,0
520,CouCott,Court @ Cottage,COURT ST NE & COTTAGE ST NE,44.939887,-123.033163,,,,,,0
521,CentTarg,Center @ 36th (Target),3790 CENTER ST NE & LANCASTER DR NE,44.939578,-122.986631,,,,,,0
527,ComBoiOB,Commercial @ Boice,COMMERCIAL ST SE & OHMART AV SE,44.916047,-123.045025,,,,,,0
528,ComCanOB,Commercial @ Candalaria,COMMERCIAL ST SE & WALDO AV SE,44.914394,-123.045164,,,,,,0
529,ComVisOB,Commercial @ Vista,COMMERCIAL ST SE & VISTA AV SE,44.910737,-123.045069,,,,,,0
530,ComRatOB,Commercial @ Ratcliff,COMMERCIAL ST SE & RATCLIFF DR SE,44.908617,-123.044224,,,,,,0
532,ComHarOB,Commercial @ Harris,COMMERCIAL ST SE & EWALD AV SE,44.902193,-123.040101,,,,,,0
534,ComBroOB,Commercial @ Browning,COMMERCIAL ST SE & BROWNING AV SE,44.898409,-123.038492,,,,,,0
535,ComWelOB,Commercial @ Welcome,COMMERCIAL ST SE & WELCOME WY SE,44.89539,-123.037035,,,,,,0
537,ComKegOB,Commercial @ Keglers,4595 COMMERCIAL ST SE & KEGLERS LN SE,44.887827,-123.033443,,,,,,0
540,ComBarOB,Commercial @ Barnes,COMMERCIAL ST SE & BARNES AV SE,44.880146,-123.029158,,,,,,0
541,ComBaxOB,Commercial @ Baxter,COMMERCIAL ST SE & BAXTER RD SE,44.877289,-123.027371,,,,,,0
542,ComFabOB,Commercial @ Fabry,COMMERCIAL ST SE & FABRY RD SE,44.87383,-123.025267,,,,,,0
543,ComMdrOB,Commercial @ Madras,COMMERCIAL ST SE & WILTSEY RD SE,44.867065,-123.02092,,,,,,0
544,ComFaiOB,Commercial @ Fairway,6263 COMMERCIAL ST SE & MADRAS ST SE,44.863633,-123.018778,,,,,,0
545,FaiLexOB,Fairway @ Lexington,FAIRWAY AV SE & LEXINGTON CR SE,44.860408,-123.019577,,,,,,0
546,FaiReeOB,Fairway @ Rees Hill,FAIRWAY AV SE & REES HILL RD SE,44.857596,-123.018602,,,,,,0
547,ReeHunOB,Rees Hill @ Huntington,REES HILL RD SE & CINNAMON HILL DR SE,44.857427,-123.024142,,,,,,0
548,Ree14OB,Rees Hill @ 14th,REES HILL RD SE & 14TH AV SE,44.858051,-123.027564,,,,,,0
549,SunnCayu,Sunnyside @ Cayuse,SUNNYSIDE RD SE & CREEKSIDE DR SE,44.865062,-123.033695,,,,,,0
550,SunWilIB,Sunnyside @ Wiltsey,SUNNYSIDE RD SE & WILTSEY RD SE,44.868718,-123.034595,,,,,,0
556,ComBooIB,Commercial @ Boone,COMMERCIAL ST SE & BOONE RD SE,44.88294,-123.030768,,,,,,0
557,ComRoyIB,Commerical @ Royvonne,4801 COMMERCIAL ST SE & ROYVONNE AV SE,44.885887,-123.032429,,,,,,0
558,ComLanIB,Commercial @ Lansford,COMMERCIAL ST SE & LANSFORD DR SE,44.892652,-123.035548,,,,,,0
559,ComProIB,Commercial @ Promontory,COMMERCIAL ST SE & WINDING WY SE,44.896192,-123.037184,,,,,,0
560,ComPOIB,Commercial @ Vista Stn Post Office,COMMERCIAL ST SE & MARY AV SE,44.903136,-123.040507,,,,,,0
561,ComRatIB,Commercial @ Ratcliff,COMMERCIAL ST SE & RATCLIFF DR SE,44.908554,-123.044097,,,,,,0
562,CommAlic,Commercial @ Alice,COMMERCIAL ST SE & ALICE AV S,44.913504,-123.045113,,,,,,0
563,ComBoiIN,Commercial @ Boice,COMMERCIAL ST SE & BOICE ST S,44.915894,-123.044911,,,,,,0
564,ComHoyIB,Commercial @ Hoyt,COMMERCIAL ST SE & HOYT ST S,44.919099,-123.044593,,,,,,0
565,ComRurIB,Commercial @ Rural,COMMERCIAL ST SE & JERRIS AV SE,44.921168,-123.04462,,,,,,0
566,LibLinIB,Liberty @ Lincoln,LIBERTY ST SE & LINCOLN ST SE,44.925077,-123.042718,,,,,,0
567,LibMyeIB,Liberty @ Myers,LIBERTY ST SE & LEFFELLE ST SE,44.926884,-123.042608,,,,,,0
568,LibOweIB,Liberty @ Owens,LIBERTY ST SE & MILLER ST SE,44.930091,-123.042402,,,,,,0
596,CroJosIB,Croisan @ Joseph (Sprague HS),CROISAN SCENIC WY S & JOSEPH ST S,44.88764,-123.074634,,,,,,0
624,12LeeOB,12th @ Lee,12TH ST SE & LEE ST SE,44.929031,-123.030718,,,,,,0
625,12HinOB,12th @ Hines,12TH ST SE & CROSS ST SE,44.926614,-123.030693,,,,,,0
626,12HowOB,12th @ Howard,12TH ST SE & WILBUR ST SE,44.923838,-123.030693,,,,,,0
628,Hoy13OB,Hoyt @ 13th,HOYT ST SE & 13TH ST SE,44.918842,-123.029272,,,,,,0
629,PriMcGOB,Pringle @ McGilchrist,PRINGLE RD SE & MCGILCHRIST ST SE,44.916857,-123.027737,,,,,,0
630,PriPeaOB,Pringle @ Peace (Southbound),PRINGLE RD SE & PEACE ST SE,44.912563,-123.027273,,,,,,0
631,PriWooOB,Pringle @ Woodacre,PRINGLE RD SE & WOODACRE DR SE,44.909835,-123.026403,,,,,,0
632,PriHilOB,Pringle @ Hillendale,PRINGLE RD SE & HILLENDALE DR SE,44.907836,-123.025949,,,,,,0
641,SunnHilf,Sunnyside @ Hilfiker,SUNNYSIDE RD SE & WOODMANSEE ST SE,44.889175,-123.035801,,,,,,0
642,SunnBoxw,Sunnyside @ Boxwood,SUNNYSIDE RD SE & BOXWOOD LN SE,44.886246,-123.036346,,,,,,0
643,BooSunIB,Boone @ Sunnyside (Pinewood Apts),BOONE RD SE & SUNNYSIDE RD SE,44.883077,-123.038363,,,,,,0
644,BooPamIB,Boone @ Pam,BOONE RD SE & PAM AV SE,44.88307,-123.042445,,,,,,0
652,MadPioIB,Madrona @ Pioneer,MADRONA AV SE & PIONEER DR SE,44.904988,-123.038169,,,,,,0
653,MadPecIB,Madrona @ Peck,MADRONA AV SE & PECK AV SE,44.904965,-123.034316,,,,,,0
655,PriSalIB,Pringle @ Salishan,PRINGLE RD SE & HILLENDALE DR SE,44.908091,-123.025794,,,,,,0
656,PriWooIB,Pringle @ Woodacre,PRINGLE RD SE & HEATHER LN SE,44.909638,-123.026157,,,,,,0
657,PriPeaIB,Pringle @ Peace (Northbound),PRINGLE RD SE & PEACE ST SE,44.912535,-123.027064,,,,,,0
658,McGPriIB,McGilchrist @ Pringle,MCGILCHRIST ST SE & PRINGLE RD SE,44.916839,-123.028093,,,,,,0
659,13McGIB,13th @ McGilchrist,13TH ST SE & MCGILCHRIST ST SE,44.917144,-123.029095,,,,,,0
660,13HowIB,13th @ Howard,13TH ST SE & HOWARD ST SE,44.923784,-123.029234,,,,,,0
661,13HinIB,13th @ Hines,13TH ST SE & CROSS ST SE,44.926758,-123.029234,,,,,,0
662,MisUniIB,Mission @ University,MISSION ST SE & 12TH ST SE,44.930451,-123.031708,,,,,,0
687,MadHalIB,Madrona @ Halifax,MADRONA AV SE & HALIFAX SQ SE,44.904672,-123.048598,,,,,,0
688,MadHilIB,Madrona @ Hillview,MADRONA AV SE & NEEF AV SE,44.904697,-123.043754,,,,,,0
701,LanAubSB,Lancaster @ Auburn,LANCASTER DR NE & AUBURN RD NE,44.936619,-122.983228,,,,,,0
707,StatCapi,State @ Capitol Bldg,STATE ST & WAVERLY ST NE,44.937792,-123.030592,,,,,,0
708,Sta12OB,State @ 12th,STATE ST & 12TH ST SE,44.937028,-123.027382,,,,,,0
716,25LeeOB,25th @ Lee,25TH ST SE & LEE ST SE,44.928646,-123.010828,,,,,,0
717,25ClaOB,25th @ Claude,25TH ST SE & HYDE ST SE,44.925221,-123.010798,,,,,,0
718,MisFrdIB,Mission @ Ford,MISSION ST SE & FORD ST SE,44.925394,-123.016537,,,,,,0
726,2775_25,2775 25th,2775 25TH ST SE & MCGILCHRIST ST SE,44.911645,-123.010415,,,,,,0
727,MadNorOB,Madrona @ Norpac Foods,MADRONA AV SE & AVIATION LP SE,44.908506,-123.013865,,,,,,0
729,FaiMadOB,Fairview Industrial @ Madrona,FAIRVIEW INDUSTRIAL DR SE & MADRONA AV SE,44.905293,-123.017466,,,,,,0
733,FaiRee,Fairview Industrial @ Reed,FAIRVIEW INDUSTRIAL DR SE & CASCADIA INDUSTRIAL ST SE,44.897224,-123.008642,,,,,,0
735,3925Fair,3925 Fairview Industrial (1st pullout),3925 FAIRVIEW INDUSTRIAL DR SE & CASCADIA INDUSTRIAL ST SE,44.900575,-123.012927,,,,,,0
736,3685Fair,3685 Fairview Industrial (2nd pullout),3750 FAIRVIEW INDUSTRIAL DR SE & CASCADIA INDUSTRIAL ST SE,44.901917,-123.01462,,,,,,0
737,FaiMadIB,Fairview Industrial @ Madrona,FAIRVIEW INDUSTRIAL DR SE & MADRONA AV SE,44.905724,-123.017833,,,,,,0
738,MadNorIB,Madrona @ Norpac Foods,MADRONA AV SE & AVIATION LP SE,44.90803,-123.014185,,,,,,0
747,MissFord,Mission @ Ford,MISSION ST SE & FORD ST SE,44.925312,-123.017172,,,,,,0
748,25LeeIB,25th @ Lee,25TH ST SE & HYDE CT SE,44.928586,-123.010584,,,,,,0
764,LibHarOB,Liberty @ Harvard,LIBERTY RD S & EWALD AV S,44.9021689,-123.052179,,,,,,0
765,3875Libe,3875 Liberty,3875 LIBERTY RD S & UNNAMED ST,44.899798,-123.053665,,,,,,0
766,LibBroOB,Liberty @ Browning,LIBERTY RD S & BROWNING AV S,44.897286,-123.054771,,,,,,0
767,LibMizOB,Liberty @ Mize,LIBERTY RD S & IDYLWOOD DR SE,44.893993,-123.057561,,,,,,0
768,LibCunOB,Liberty @ Cunningham,LIBERTY RD S & MARIETTA ST SE,44.891881,-123.059219,,,,,,0
770,LibKueOB,Liberty @ Kuebler,LIBERTY RD S & KIMERON ST SE,44.882685,-123.061281,,,,,,0
772,LibKamOB,Liberty @ Kamela,LIBERTY RD S & KEVIN WY SE,44.878708,-123.061473,,,,,,0
778,LonHruIB,Lone Oak @ Hrubetz,LONE OAK RD SE & ARLENE AV SE,44.888608,-123.04905,,,,,,0
781,LibGreIB,Liberty @ Gregory,LIBERTY RD S & IDYLWOOD DR SE,44.893179,-123.057863,,,,,,0
782,LibFriIB,Liberty @ Friendship,LIBERTY RD S & FRIENDSHIP AV SE,44.895021,-123.056406,,,,,,0
783,LibVinIB,Liberty @ Vine,LIBERTY RD S & CHARLES AV S,44.898642,-123.053897,,,,,,0
784,LibHarIB,Liberty @ Harvard,LIBERTY RD S & EWALD AV S,44.901967,-123.052009,,,,,,0
803,WinWinOB,Wintergreen @ Winchester,WINTERGREEN AV NW & WINCHESTER ST NW,44.968893,-123.067095,,,,,,0
811,17NebrOB,17th @ Nebraska,17TH ST NE & NEBRASKA AV NE,44.946022,-123.014819,,,,,,0
812,17MadiOB,17th @ Madison,17TH ST NE & MADISON ST NE,44.951862,-123.011874,,,,,,0
813,17GranOB,17th @ Grant,17TH ST NE & GRANT ST NE,44.953416,-123.011062,,,,,,0
814,17SunnOB,17th @ Sunnyview,SUNNYVIEW RD NE & 17TH ST NE,44.956211,-123.010718,,,,,,0
815,SunFaiOB,Sunnyview @ Fairgrounds Parking,SUNNYVIEW RD NE & 17TH ST NE,44.95524,-123.006391,,,,,,0
816,SunEveOB,Sunnyview @ Evergreen,SUNNYVIEW RD NE & EVERGREEN AV NE,44.953909,-123.003155,,,,,,0
817,SunLanOB,Sunnyview @ Lansing,SUNNYVIEW RD NE & LANSING AV NE,44.953872,-122.997737,,,,,,0
832,HyaPorNW,Hyacinth @ Portland Rd,HYACINTH ST NE,44.98003,-122.998105,,,,,,0
839,SilRobIB,Silverton Rd @ Robert,SILVERTON RD NE & ROBERT AV NE,44.967314,-122.995852,,,,,,0
846,SunEveIB,Sunnyview @ Evergreen,SUNNYVIEW RD NE & EVERGREEN AV NE,44.953972,-123.002254,,,,,,0
847,SunSpoIB,Sunnyview @ Sports Field,SUNNYVIEW RD NE & EVERGREEN AV NE,44.955671,-123.006924,,,,,,0
848,17SunIB,17th @ Sunnyview,17TH ST NE & SUNNYVIEW RD NE,44.955968,-123.010832,,,,,,0
849,17MadIB,17th @ Madison,17TH ST NE & MADISON ST NE,44.951943,-123.011938,,,,,,0
851,17DStIB,17th @ D St,17TH ST NE & D ST NE,44.944189,-123.015873,,,,,,0
856,Stat21OB,State @ 21st,STATE ST & 21ST ST SE,44.934192,-123.016553,,,,,,0
857,Stat23OB,State @ 23rd,STATE ST & 23RD ST SE,44.933692,-123.014668,,,,,,0
858,Stat24OB,State @ 24th,STATE ST & WANDER WY SE,44.932652,-123.010978,,,,,,0
859,Stat25OB,State @ 25th,STATE ST & 25TH ST SE,44.932005,-123.009003,,,,,,0
860,StaAirOB,State @ Airport Rd,STATE ST & AIRPORT RD SE,44.928753,-123.003066,,,,,,0
861,StaHawOB,State @ Hawthorne,STATE ST & HAWTHORNE AV NE,44.927766,-122.992526,,,,,,0
863,StaVilOB,State @ Village East,STATE ST & STAFFORD LN NE,44.927911,-122.976357,,,,,,0
864,StaDraOB,State @ Draper,STATE ST & 46TH AV SE,44.927951,-122.970971,,,,,,0
865,Stat47OB,State @ 47th,STATE ST & 47TH AV NE,44.928006,-122.967149,,,,,,0
866,StaCouOB,State @ Cougar,STATE ST & COUGAR CT SE,44.928002,-122.96455,,,,,,0
869,Penn47OB,Pennsylvania @ 47th Pl,PENNSYLVANIA AV SE & 47TH PL SE,44.922193,-122.964813,,,,,,0
870,Penn46OB,Pennsylvania @ 46th,PENNSYLVANIA AV SE & 46TH AV SE,44.92066,-122.968833,,,,,,0
875,LanMunSB,Lancaster @ Munkers,LANCASTER DR SE & MUNKERS ST SE,44.916039,-122.980505,,,,,,0
876,LanCarSB,Lancaster @ Carson,LANCASTER DR SE & CARSON DR SE,44.909752,-122.978595,,,,,,0
877,LanMedSB,Lancaster @ Meadowlark MHP,LANCASTER DR SE & EDEN ST SE,44.902865,-122.97321,,,,,,0
878,LanMedNB,Lancaster @ Meadowlark MHP,LANCASTER DR SE & EDEN ST SE,44.902874,-122.973109,,,,,,0
879,LanSunNB,Lancaster @ Sylvia (Sundial Mobile Home Park),LANCASTER DR SE & UNNAMED ST,44.90646,-122.977215,,,,,,0
880,LanMunNB,Lancaster @ Munkers,LANCASTER DR SE & MUNKERS ST SE,44.915635,-122.980289,,,,,,0
881,LanMacNB,Lancaster @ Macleay,LANCASTER DR SE & HAGER ST SE,44.918278,-122.980951,,,,,,0
895,StaHawIB,State @ Hawthorne,STATE ST & HAWTHORNE AV NE,44.928048,-122.994463,,,,,,0
896,StaAirIB,State @ Airport Rd,STATE ST & AIRPORT RD SE,44.929587,-123.004014,,,,,,0
897,Stat25IB,State @ 25th,STATE ST & 25TH ST SE,44.932311,-123.008939,,,,,,0
898,Stat24Ib,State @ 24th,STATE ST & 24TH ST SE,44.932989,-123.011314,,,,,,0
899,Stat23IB,State @ 23rd,STATE ST & 23RD ST NE,44.933711,-123.014113,,,,,,0
900,Stat21IB,State @ 21st,STATE ST & 21ST ST NE,44.934259,-123.016212,,,,,,0
901,Stat17IB,State @ 17th,STATE ST & 17TH ST NE,44.93528,-123.019961,,,,,,0
902,LanMacSB,Lancaster @ Macleay,LANCASTER DR SE & HAGER ST SE,44.917947,-122.981199,,,,,,0
908,Miss17OB,Mission @ 17th,MISSION ST SE & 17TH ST SE,44.928525,-123.022812,,,,,,0
909,Miss20OB,Mission @ 20th,MISSION ST SE & 20TH ST SE,44.926508,-123.020243,,,,,,0
930,Miss25IB,Mission @ 25th,MISSION ST SE & 25TH ST SE,44.921908,-123.010858,,,,,,0
931,Miss21IB,Mission @ 21st,MISSION ST SE & 20TH ST SE,44.926537,-123.019438,,,,,,0
932,Miss17IB,Mission @ 17th,MISSION ST SE & 21ST ST SE,44.929478,-123.024171,,,,,,0
933,ChuCenOB,Church @ Center,CHURCH ST NE & CENTER ST NE,44.942599,-123.033802,,,,,,0
936,WinDStOB,Winter @ D St,WINTER ST NE & UNION ST NE,44.94711,-123.027851,,,,,,0
937,Mark14OB,Market @ 14th,MARKET ST NE & 14TH ST NE,44.948876,-123.017453,,,,,,0
938,Mark19OB,Market @ 19th,MARKET ST NE & 19TH ST NE,44.948743,-123.010811,,,,,,0
939,Mark21OB,Market @ 21st,MARKET ST NE & 21ST ST NE,44.949111,-123.007288,,,,,,0
940,Mark25OB,Market @ 25th,MARKET ST NE & 25TH ST NE,44.949412,-123.004261,,,,,,0
941,MarParOB,Market @ Park,MARKET ST NE & PARK AV NE,44.949757,-123.001127,,,,,,0
942,MarSavOB,Market @ Savage,MARKET ST NE & SAVAGE RD NE,44.950125,-122.996444,,,,,,0
943,MarHawOB,Market @ Hawthorne,MARKET ST NE & HAWTHORNE AV NE,44.950001,-122.992968,,,,,,0
944,MarkMoto,Market @ Motor (Fred Meyer),MARKET ST NE & 38TH PL NE,44.950024,-122.986972,,,,,,0
948,2060Brow,2060 Brown,2060 BROWN RD NE & SUNNYVIEW RD NE,44.95495,-122.970743,,,,,,0
949,BroMarOB,Brown @ Maria,2280 BROWN RD NE & MARIA AV NE,44.957547,-122.970715,,,,,,0
950,BroSanOB,Brown @ San Francisco,BROWN RD NE & UNNAMED RD NE,44.960611,-122.970675,,,,,,0
951,BroIndOB,Brown @ Indiana,BROWN RD NE & SURFWOOD DR NE,44.963612,-122.970621,,,,,,0
952,BroUtaOB,Brown @ Utah,BROWN RD NE & TEXAS AV NE,44.966196,-122.970574,,,,,,0
966,SilPGEIB,Silverton Rd @ 45th,SILVERTON RD NE & SILVERPARK PL NE,44.969894,-122.972153,,,,,,0
967,BroSanIB,Brown @ San Francisco,BROWN RD NE & ANGIE MARIE WY NE,44.96071,-122.970827,,,,,,0
968,BroMarIB,Brown @ Maria,BROWN RD NE & MARIA AV NE,44.957742,-122.970835,,,,,,0
969,2075Brow,2075 Brown,2075 BROWN RD NE & SUNNYVIEW RD NE,44.955166,-122.970908,,,,,,0
971,MarTieIB,Market @ Tierra,MARKET ST NE & 45TH AV NE,44.950281,-122.978412,,,,,,0
972,MarClaIB,Market @ Clay,MARKET ST NE & CLAY ST NE,44.950308,-122.982516,,,,,,0
973,MarkMotN,Market @ Motor,3747 MARKET ST NE & MOTOR CT NE,44.95028,-122.98674,,,,,,0
974,MarHawIB,Market @ Hawthorne,MARKET ST NE & HAWTHORNE AV NE,44.95025,-122.992815,,,,,,0
975,MarSavIB,Market @ Savage,MARKET ST NE & 32ND PL NE,44.950311,-122.996004,,,,,,0
976,MarParIB,Market @ Park,MARKET ST NE & CHILDS AV NE,44.949919,-123.000708,,,,,,0
977,Mark24IB,Market @ 24th,MARKET ST NE & 24TH ST NE,44.949539,-123.004671,,,,,,0
978,Mark21IB,Market @ 21st,MARKET ST NE & 21ST ST NE,44.949166,-123.008405,,,,,,0
981,MarCapIB,Market @ Capitol,MARKET ST NE & CAPITOL ST NE,44.949133,-123.022947,,,,,,0
982,WinDStIB,Winter @ D St,WINTER ST NE & D ST NE,44.947163,-123.027965,,,,,,0
983,WinUniIB,Winter @ Union,WINTER ST NE & D ST NE,44.943938,-123.029577,,,,,,0
985,BroSufIB,Brown @ Surfwood (South Entrance),BROWN RD NE & SURFWOOD DR NE,44.96351,-122.970806,,,,,,0
995,RivPlyOB,River Rd @ Plymouth,RIVER RD N & PLYMOUTH DR NE,44.974711,-123.02742,,,,,,0
996,RivGlyOB,River Rd @ Glynbrook,RIVER RD N & GLYNBROOK ST N,44.978155,-123.026517,,,,,,0
998,RivHomOB,River Rd @ Homewood,RIVER RD N & HOMEWOOD CT N,44.981852,-123.026467,,,,,,0
1013,RivClgSB,River Rd @ Claggett,RIVER RD N & CLAGGETT ST NE,45.000738,-123.026694,,,,,,0
1024,RivHomIB,River Rd @ Homewood,RIVER RD N & HOMEWOOD CT N,44.982015,-123.026734,,,,,,0
1027,RivAppIB,River Rd @ Apple Blossom,RIVER RD N & APPLEBLOSSOM AV N,44.974781,-123.027683,,,,,,0
1045,ReeBar,Reed @ Barnes,REED LN SE & BARNES AV SE,44.881312,-123.015582,,,,,,0
1046,ReeShiOB,Reed @ Shilo,REED LN SE & BAXTER RD SE,44.879075,-123.015565,,,,,,0
1059,MarLibOB,Marion @ Liberty,MARION ST NE & HIGH ST NE,44.944306,-123.035946,,,,,,0
1063,WalBasIB,Wallace @ Bassett,WALLACE RD NW & BASSETT ST NW,44.94647,-123.049816,,,,,,0
1064,CenLibIB,Center @ Liberty,CENTER ST NE & SALEM DALLAS HW,44.943335,-123.037317,,,,,,0
1067,7PatteOB,7th @ Patterson,7TH ST NW & PATTERSON ST NW,44.947179,-123.056871,,,,,,0
1068,8thPatOB,8th @ Patterson (Walker MS pool),8TH ST NW & MCNARY AV NW,44.947574,-123.058166,,,,,,0
1069,GerRugOB,Gerth @ Ruge,GERTH ST NW & 6TH ST NW,44.94388,-123.060803,,,,,,0
1070,Ger3rdOB,Gerth @ 3rd,GERTH ST NW & 3RD ST NW,44.941903,-123.059673,,,,,,0
1071,EdgRosOB,Edgewater @ Rosemont (West Salem Safeway),EDGEWATER ST NW & WB ROSEMONT AV RP,44.938339,-123.063078,,,,,,0
1072,EdgeMano,Edgewater @ Manorview,WB EDGEWATER RP & EDGEWATER ST NW,44.936004,-123.070796,,,,,,0
1092,EolTurIB,Eola @ Turnage,EOLA DR NW & EAGLE VIEW DR NW,44.940451,-123.078611,,,,,,0
1096,EdgRosIB,Edgewater @ Rosemont,EDGEWATER ST NW & WB ROSEMONT AV RP,44.938214,-123.06295,,,,,,0
1099,7thPatIB,7th @ Patterson,7TH ST NW & PATTERSON ST NW,44.947143,-123.056567,,,,,,0
1100,LanDurNB,Lancaster @ Durbin,LANCASTER DR SE & DURBIN AV SE,44.921574,-122.981779,,,,,,0
1101,LanMahNB,Lancaster @ Mahrt,LANCASTER DR SE & MAHRT AV SE,44.925521,-122.983319,,,,,,0
1102,LanAmbNB,Lancaster @ Amber,LANCASTER DR NE & HUDSON AV NE,44.931333,-122.983221,,,,,,0
1103,LanMonNB,Lancaster @ Monroe,LANCASTER DR NE & MONROE AV NE,44.933336,-122.983157,,,,,,0
1104,LanAubNB,Lancaster @ Auburn,LANCASTER DR NE & MONROE AV NE,44.936427,-122.98304,,,,,,0
1105,LanDenNB,Lancaster @ Denver,LANCASTER DR NE & DENVER AV NE,44.941549,-122.983087,,,,,,0
1106,HyaSalNB,Hyacinth @ Salem Industrial Dr NE,HYACINTH ST NE & DENVER AV NE,44.982431,-123.005772,,,,,,0
1107,VerClaNB,Verda @ Claxter,VERDA LN NE & 18TH AV NE,44.987455,-123.00977,,,,,,0
1108,VerCheNB,Verda @ Chelan,VERDA LN NE & WIESSNER DR NE,44.990585,-123.011587,,,,,,0
1109,VerDeaNB,Verda @ Dearborn,VERDA LN NE & WIESSNER DR NE,44.993566,-123.011876,,,,,,0
1111,RiveClag,River Rd @ Claggett,RIVER RD N & CLAGGETT ST NE,45.000181,-123.026567,,,,,,0
1112,RiveKeCS,River Rd @ Keizer Creekside Shopping,5400 RIVER RD N & UNNAMED ST,45.003188,-123.026332,,,,,,0
1113,LocRivNB,Lockhaven @ River Rd,LOCKHAVEN DR NE & CHEMAWA RD N,45.004782,-123.023532,,,,,,0
1114,LockVerd,Lockhaven @ Verda,LOCKHAVEN DR NE & VERDA LN NE,45.005258,-123.019176,,,,,,0
1117,Manz14NB,Manzanita @ 14th,MANZANITA ST NE & 14TH AV NE,45.011427,-123.013822,,,,,,0
1133,LocVerSB,Lockhaven @ Verda,LOCKHAVEN DR NE & VERDA LN NE,45.005321,-123.01915,,,,,,0
1134,Lock_DQ,Lockhaven @ Dairy Queen,761 LOCKHAVEN DR NE & HALIFAX SQ SE,45.004746,-123.023976,,,,,,0
1135,CheRicSB,Chemawa @ Rickman,CHEMAWA RD NE & 10TH AV NE,44.996847,-123.018707,,,,,,0
1136,CheVerSB,Chemawa @ Verda,VERDA LN NE & CHEMAWA RD NE,44.997493,-123.012599,,,,,,0
1137,VerDeaSB,Verda @ Dearborn,VERDA LN NE & DEARBORN AV NE,44.993683,-123.01199,,,,,,0
1138,VerCheSB,Verda @ Chelan,VERDA LN NE & CHELAN ST NE,44.99051,-123.011737,,,,,,0
1139,VerClaSB,Verda @ Claxter,VERDA LN NE & 18TH AV NE,44.987563,-123.009986,,,,,,0
1140,HyacRXSB,Hyacinth @ Railroad Crossing,HYACINTH ST NE & MAINLINE DR NE,44.983015,-123.006382,,,,,,0
1142,LanHaySB,Lancaster @ Hayesville,LANCASTER DR NE & NESTOR LN NE,44.989129,-122.983182,,,,,,0
1144,LanNewSB,Lancaster @ Newcastle,LANCASTER DR NE & LA PALMS LN NE,44.984716,-122.983299,,,,,,0
1145,LanIbiSB,Lancaster @ Iberis,LANCASTER DR NE & IBERIS ST NE,44.982344,-122.983339,,,,,,0
1146,LanSatSB,Lancaster @ Satter,LANCASTER DR NE & UNNAMED ST,44.979433,-122.983392,,,,,,0
1147,LanManSB,Lancaster @ Manor,LANCASTER DR NE & MANOR DR NE,44.945637,-122.983668,,,,,,0
1148,LanDStSB,Lancaster @ D St,LANCASTER DR NE & D ST NE,44.943409,-122.983429,,,,,,0
1149,LanDenSB,Lancaster @ Denver (Lanc Mall),LANCASTER DR NE & D ST NE,44.942124,-122.983265,,,,,,0
1150,LanMonSB,Lancaster @ Monroe,LANCASTER DR NE & MONROE AV NE,44.933642,-122.983245,,,,,,0
1151,LanAmbSB,Lancaster @ Amber,LANCASTER DR NE & AMBER ST NE,44.931656,-122.983386,,,,,,0
1152,LanSant,Lancaster @ Santiam Theater,365 LANCASTER DR SE & MAHRT AV SE,44.924109,-122.98367,,,,,,0
1153,LanDurSB,Lancaster @ Durbin,LANCASTER DR SE & DURBIN AV SE,44.921754,-122.982205,,,,,,0
1156,BroPinOB,Broadway @ Pine,BROADWAY ST NE & SPRUCE ST NE,44.962164,-123.028506,,,,,,0
1157,BroLocOB,Broadway @ Locust,BROADWAY ST NE & LOCUST ST NE,44.964408,-123.028706,,,,,,0
1159,BroPlaOB,Broadway @ Plaza Del Rey,BROADWAY ST NE & UNNAMED RD NE,44.972467,-123.028434,,,,,,0
1160,RivSunOB,River Rd @ Sunset,RIVER RD N & TRIPLE TREE CR N,44.983944,-123.026475,,,,,,0
1161,RivManOB,River Rd @ Manbrin,RIVER RD N & MANBRIN DR NE,44.986989,-123.026754,,,,,,0
1162,RivCumOB,River Rd @ Cummings,RIVER RD N & CUMMINGS LN N,44.989658,-123.026555,,,,,,0
1163,RivDeaOB,River Rd @ Dearborn,DEARBORN AV NE & DEARBORN AV N,44.99336,-123.026631,,,,,,0
1164,RivLocOB,River Rd @ Lockhaven,RIVER RD N & LOCKHAVEN DR N,45.005254,-123.025254,,,,,,0
1175,RivDeaIB,River Rd @ Dearborn,RIVER RD N & CHURCHDALE AV N,44.993572,-123.026777,,,,,,0
1176,RivCumIB,River Rd @ Cummings,RIVER RD N & CUMMINGS LN N,44.989822,-123.026766,,,,,,0
1177,RivManIB,River Rd @ Manbrin,RIVER RD N & MANBRIN DR N,44.986818,-123.02667,,,,,,0
1178,RivSunIB,River Rd @ Sunset,RIVER RD N & MANBRIN DR N,44.984176,-123.026657,,,,,,0
1179,BroaPlaz,Broadway @ Plaza Del Rey,3175 BROADWAY ST NE & UNNAMED RD NE,44.97218,-123.028625,,,,,,0
1181,BroLocIB,Broadway @ Locust,BROADWAY ST NE & LOCUST ST NE,44.964272,-123.028638,,,,,,0
1182,BroPinIB,Broadway @ Pine,BROADWAY ST NE & HICKORY ST NE,44.962497,-123.028706,,,,,,0
1186,DoakBrus,Doaks Ferry @ Brush College,DOAKS FERRY RD NW & WINTERGREEN AV NW,44.970983,-123.076935,,,,,,0
1190,GleKarOB,Glen Creek @ Karen,GLEN CREEK RD NW & PATTERSON ST NW,44.950219,-123.05885,,,,,,0
1215,WalTagOB,Wallace @ Taggart,WALLACE RD NW & UNNAMED ST,44.947521,-123.050374,,,,,,0
1219,FaiSSCOB,Fairway @ Commercial (SSSC),6450 FAIRWAY AV SE & MADRAS ST SE,44.862025,-123.019805,,,,,,0
1222,TaggWall,Taggart @ Wallace,TAGGART DR NW & 7TH ST NW,44.947413,-123.051034,,,,,,0
1223,LibPriIB,Liberty @ Mill,LIBERTY ST SE & MILL ST SE,44.936366,-123.04051,,,,,,0
1229,LanRicNB,Lancaster @ Rich,3314 LANCASTER DR NE & RICH DR NE,44.968092,-122.983412,,,,,,0
1230,LanRicIB,Lancaster @ Rich,LANCASTER DR NE & RICH DR NE,44.968245,-122.983552,,,,,,0
1231,CotCenIB,Cottage @ Center,COTTAGE ST NE & CHEMEKETA ST NE,44.941889,-123.03247,,,,,,0
1233,ComTraOB,Commercial @ Trade,COMMERCIAL ST SE & FRONT ST SE,44.938546,-123.041452,,,,,,0
1236,LancSadd,Lancaster @ Saddle Club,LANCASTER DR SE & SADDLE CLUB ST SE,44.901768,-122.972032,,,,,,0
1246,BaxSnoOB,Baxter @ Snowflake,BAXTER RD SE & KALI ST SE,44.877549,-123.019562,,,,,,0
1250,RivProIB,River Rd @ Promenade Way,RIVER RD N & PROMENADE WY N,45.005618,-123.024675,,,,,,0
1251,RivMcnSB,River Rd @ McNary Estates,RIVER RD N & PROMENADE WY N,45.010425,-123.021195,,,,,,0
1256,UniWinSW,Union @ Winter (SW Corner),UNION ST NE & WINTER ST NE,44.943911,-123.029742,,,,,,0
1257,CenCotSE,Center @ Cottage,CENTER ST NE & COTTAGE ST NE,44.941925,-123.032028,,,,,,0
1258,FairColu,Fairgrounds Rd @ Columbia,FAIRGROUNDS RD NE & COLUMBIA ST NE,44.958584,-123.017165,,,,,,0
1259,PortSrCe,Portland Rd @ Highland (Center 50+),PORTLAND RD NE & FAIRGROUNDS RD NE,44.960479,-123.015286,,,,,,0
1262,ComRurOB,Commercial @ Rural,COMMERCIAL ST SE & RURAL AV SE,44.921294,-123.044709,,,,,,0
1263,StaCotOB,State @ Cottage,STATE ST & COTTAGE ST NE,44.938654,-123.033789,,,,,,0
1264,CenWinOB,Center @ Winter,CENTER ST NE & SUMMER ST NE,44.941494,-123.030381,,,,,,0
1266,MarCapOB,Market @ Capitol,MARKET ST NE & CAPITOL ST NE,44.949023,-123.02294,,,,,,0
1283,EolMulIB,Eola @ Mule Deer,EOLA DR NW & EAGLE VIEW DR NW,44.942396,-123.08185,,,,,,0
1285,CenVinIB,Center @ Vinyard,CENTER ST NE & ILLINOIS AV NE,44.939908,-122.995594,,,,,,0
1298,FairAcad,Fairgrounds Rd @ Academy,FAIRGROUNDS RD NE & ACADEMY ST NE,44.957461,-123.018789,,,,,,0
1301,BrooHigh,Brooks @ Highland (Center 50+),BROOKS AV NE & HIGHLAND AV NE,44.960462,-123.016352,,,,,,0
1304,DStSumOB,D St @ Summer,D ST NE & SUMMER ST NE,44.946498,-123.025554,,,,,,0
1305,WilsTC,Wilsonville Station,SMART TRANSIT CENTER & CHURCH ST NE,45.311436,-122.77638,,,,,,0
1308,KrocCntr,Bill Frey Dr @ Kroc Center,BILL FREY DR NE & ALPINE LAKES ST SE,44.976186,-123.008542,,,,,,0
1314,RickShop,Rickey @ Shopko,RICKEY ST SE & ALPINE LAKES ST SE,44.915615,-122.977406,,,,,,0
1323,Pen49OB,Pennsylvania @ 49th Ave,PENNSYLVANIA AV SE & 49TH AV SE,44.922987,-122.961065,,,,,,0
1324,PenWagOB,Pennsylvania @ Wagon Road,PENNSYLVANIA AV SE & WAGON ROAD DR SE,44.923606,-122.958996,,,,,,0
1325,RicConOB,Rickey @ Connecticut (Houck M.S.),RICKEY ST SE & CONNECTICUT AV SE,44.916841,-122.971032,,,,,,0
1327,DaviCros,Davis @ Crossler Middle School,DAVIS RD S & LIBERTY RD S,44.873161,-123.063787,,,,,,0
1328,DaviStoc,Davis @ Stockton,DAVIS RD S & STOCKTON AV S,44.873169,-123.066854,,,,,,0
1330,RedlSumm,Red Leaf @ Summercrest,RED LEAF DR S & SUMMERCREST DR S,44.879819,-123.070391,,,,,,0
1331,SummSkyl,Summercrest @ Skyline,SUMMERCREST DR S & SKYLINE RD S,44.880031,-123.073247,,,,,,0
1332,SkylDC,Skyline @ Doctor's Clinic,SKYLINE RD S & SKYLINE VILLAGE LP S,44.88239,-123.070654,,,,,,0
1333,SkylJose,Skyline @ Joseph,SKYLINE RD S & JOSEPH ST S,44.886945,-123.065753,,,,,,0
1334,RedlCeda,Red Leaf @ Cedarcrest,RED LEAF DR S & CEDARCREST DR S,44.877709,-123.070395,,,,,,0
1335,SkylLibe,Skyline @ Liberty Circle,SKYLINE RD S & LIBERTY CR S,44.889387,-123.061789,,,,,,0
1336,LibeHrub,Liberty @ Hrubetz,LIBERTY RD S & HRUBETZ RD SE,44.891257,-123.05934,,,,,,0
1337,MadrNeef,Madrona @ Neef,MADRONA AV SE & NEEF AV SE,44.904762,-123.044464,,,,,,0
1338,MadrHali,Madrona @ Halifax,MADRONA AV SE & HALIFAX SQ SE,44.904834,-123.049093,,,,,,0
1340,LoneIdyl,Lone Oak @ Idylwood,LONE OAK RD SE & IDYLWOOD DR SE,44.891222,-123.048189,,,,,,0
1341,PineBrks,Pine @ Brooks,PINE ST NE & BROOKS AV NE,44.96213,-123.015781,,,,,,0
1344,SilvLanc,Silverton Rd @ Lancaster,SILVERTON RD NE & LANCASTER DR NE,44.969559,-122.982759,,,,,,0
1345,PortNort,Portland Rd @ Northgate,PORTLAND RD NE & BILL FREY DR NE,44.973573,-123.002314,,,,,,0
1346,PortBill,Portland Rd @ Bill Frey Dr,PORTLAND RD NE & BILL FREY DR NE,44.973417,-123.002678,,,,,,0
1347,8th_McNa,8th @ McNary,8TH ST NW & MCNARY AV NW,44.946827,-123.05965,,,,,,0
1350,HappKale,Happy @ Kale,HAPPY DR NE & KALE ST NE,44.996881,-122.975494,,,,,,0
1355,SunElRa,Sunnyview @ El Rancho,SUNNYVIEW RD NE & EL RANCHO AV NE,44.953831,-122.980198,,,,,,0
1356,SunHolOB,Sunnyview @ Hollywood,SUNNYVIEW RD NE & HOLLYWOOD DR NE,44.953901,-122.976975,,,,,,0
1357,Sun45OB,Sunnyview @ 45th,SUNNYVIEW RD NE & 45TH AV NE,44.954061,-122.972622,,,,,,0
1358,Sunn45th,Sunnyview @ 45th,SUNNYVIEW RD NE & 45TH AV NE,44.954151,-122.972685,,,,,,0
1359,SunHolIB,Sunnyview @ Hollywood,SUNNYVIEW RD NE & HOLLYWOOD DR NE,44.953928,-122.976721,,,,,,0
1360,SunScoIB,Sunnyview @ Scotsman Ln,SUNNYVIEW RD NE & EL RANCHO AV NE,44.953912,-122.980922,,,,,,0
1361,PortLana,Portland Rd @ Lana,PORTLAND RD NE & LANA AV NE,44.966733,-123.009103,,,,,,0
1362,PortCarl,Portland Rd @ Carleton Way,PORTLAND RD NE & DONALD ST NE,44.971099,-123.0049,,,,,,0
1363,PorDonIB,Portland Rd @ Donald,PORTLAND RD NE & DONALD ST NE,44.970928,-123.005091,,,,,,0
1369,BruWinOB,Brush College @ Wintergreen,BRUSH COLLEGE RD NW & WINTERGREEN AV NW,44.971626,-123.068115,,,,,,0
1371,Gert7th,Gerth @ 7th,GERTH ST NW & 7TH ST NW,44.945129,-123.061388,,,,,,0
1374,25thMiss,25th @ Mission,25TH ST SE & MISSION ST SE,44.921923,-123.010715,,,,,,0
1375,25thMcGi,25th @ McGilchrist,25TH ST SE & MCGILCHRIST ST SE,44.916729,-123.010298,,,,,,0
1382,UlalKeiz,Ulali @ Keizer Station Blvd,ULALI DR NE & KEIZER STATION BV NE,45.011132,-122.996364,,,,,,0
1384,ChemEliz,Chemawa @ Elizabeth,CHEMAWA RD N & ELIZABETH ST N,44.99691,-123.028777,,,,,,0
1385,ChemDeli,Chemawa @ Delight,CHEMAWA RD N & CELTIC WY N,44.996892,-123.034072,,,,,,0
1386,ChemShor,Chemawa @ Shoreline,CHEMAWA RD N & SHORELINE DR N,44.997026,-123.040155,,,,,,0
1387,WinWilSB,Windsor Island @ Willow Lake,WINDSOR ISLAND RD N & KOALA ST N,45.000009,-123.042772,,,,,,0
1389,LockInla,Lockhaven @ Inland Shores,LOCKHAVEN DR N & INLAND SHORES WY N,45.004378,-123.027266,,,,,,0
1390,LockLake,Lockhaven @ Lakefair Pl,LOCKHAVEN DR N & LAKEFAIR PL N,45.00382,-123.031038,,,,,,0
1391,LockMcCl,Lockhaven @ McClure,LOCKHAVEN DR N & MCCLURE ST N,45.003998,-123.037829,,,,,,0
1392,LockWild,Lockhaven @ Wildwood Ct,LOCKHAVEN DR N & UNNAMED RD N,45.004018,-123.041554,,,,,,0
1393,WindTren,Windsor Island @ Trent Ave,WINDSOR ISLAND RD N & TRENT AV N,45.003173,-123.044728,,,,,,0
1394,ChemSpri,Chemawa @ Springtime Ct,CHEMAWA RD NE & SPRINGTIME CT NE,45.001617,-123.009499,,,,,,0
1396,Sweg45th,Swegle @ 45th,SWEGLE RD NE & 45TH AV NE,44.949075,-122.973248,,,,,,0
1397,LanCenSB,Lancaster @ Center,LANCASTER DR NE & CENTER ST NE,44.939886,-122.982974,,,,,,0
1398,LanCenNB,Lancaster @ Center,LANCASTER DR NE & CENTER ST NE,44.939572,-122.982949,,,,,,0
1399,WalTagIB,Wallace @ Taggart,WALLACE RD NW & TAGGART DR NW,44.947907,-123.05073,,,,,,0
1407,FuhrHaye,Fuhrer @ Hayesville,FUHRER ST NE & HAYESVILLE DR NE,44.990944,-122.962255,,,,,,0
1408,HayePatr,Hayesville @ Patricia,HAYESVILLE DR NE & JANICE AV NE,44.990147,-122.968821,,,,,,0
1409,HayeLisa,Hayesville @ Lisa,HAYESVILLE DR NE & LISA ST NE,44.989997,-122.973379,,,,,,0
1412,KalePort,Kale @ Portland Rd,KALE ST NE & PORTLAND RD NE,44.997152,-122.979354,,,,,,0
1415,FuhrWBPo,Fuhrer @ WB Post,FUHRER ST NE & WB POST DR NE,44.988426,-122.962456,,,,,,0
1421,SilvHawt,Silverton Rd @ Hawthorne,SILVERTON RD NE & HAWTHORNE AV NE,44.967878,-122.991862,,,,,,0
1422,SilvFish,Silverton Rd @ Fisher,SILVERTON RD NE & FISHER RD NE,44.968453,-122.988756,,,,,,0
1424,SilvTier,Silverton Rd @ Tierra,SILVERTON RD NE & TIERRA DR NE,44.969948,-122.9776897,,,,,,0
1425,SilFisIB,Silverton Rd @ Fisher,SILVERTON RD NE & FISHER RD NE,44.968707,-122.988094,,,,,,0
1426,SilHawIB,Silverton Rd @ Hawthorne,SILVERTON RD NE & HAWTHORNE AV NE,44.968177,-122.991384,,,,,,0
1427,PinMapIB,Pine @ Maple,PINE ST NE & MAPLE AV NE,44.962323,-123.024759,,,,,,0
1428,PineMapl,Pine @ Maple,PINE ST NE & MAPLE AV NE,44.962241,-123.024538,,,,,,0
1437,SilvSedo,Silverton Rd @ Sedona,SILVERTON RD NE & SEDONA AV NE,44.966336,-123.000047,,,,,,0
1438,BrowWyom,Brown @ Wyoming,BROWN RD NE & WYOMING AV NE,44.968893,-122.970502,,,,,,0
1439,StatOakm,State @ Oakmont,STATE ST & OAKMONT CT SE,44.927973,-122.962749,,,,,,0
1440,Mari12IB,Marion @ 12th,MARION ST NE & 12TH ST NE,44.941476,-123.025453,,,,,,0
1441,RedlWaln,Red Leaf @ Waln Creek,RED LEAF DR S & WALN CREEK DR S,44.875594,-123.070481,,,,,,0
1442,GerElmIB,Gerth @ Elm,GERTH ST NW & ELM ST NW,44.942523,-123.059876,,,,,,0
1446,HapGerOB,Happy @ Geranium,HAPPY DR NE & GERANIUM AV NE,44.993179,-122.975751,,,,,,0
1447,17GranIB,17th @ Grant,17TH ST NE & GRANT ST NE,44.953317,-123.011176,,,,,,0
1448,LockKafi,Lockhaven @ Kafir,LOCKHAVEN DR NE & CRESTWOOD CT NE,45.005779,-123.01374,,,,,,0
1453,CenLanMa,Center @ Lanc Mall (McGrath's),CENTER ST NE & LANCASTER DR NE,44.939807,-122.987073,,,,,,0
1454,Mark15th,Market @ 15th,MARKET ST NE & 14TH ST NE,44.948942,-123.017716,,,,,,0
1455,30thSilv,Silverton Rd @ 30th,SILVERTON RD NE & 30TH AV NE,44.966991,-122.996652,,,,,,0
1456,SilvEver,Silverton Rd @ Evergreen,SILVERTON RD NE & ABRAMS AV NE,44.965572,-123.001894,,,,,,0
1457,PorRivSB,Brooks - Portland Rd @ Riverton,PORTLAND RD NE & RIVERTON ST NE,45.04772,-122.954574,,,,,,0
1459,1stArthu,Woodburn Transit Center - 1st @ Arthur,N 1ST ST & ARTHUR ST,45.142389,-122.857903,,,,,,0
1460,MtHoo99E,Woodburn Bi-Mart - 1700 Mt Hood Ave,MT HOOD AV & PROGRESS WY,45.151195,-122.83492,,,,,,0
1464,ChurClev,Mt. Angel - Church @ Cleveland,E CHURCH ST & S GARFIELD ST,45.067422,-122.797649,,,,,,0
1468,Mai5thWB,Aumsville - Main @ 5th,MAIN ST & S 5TH ST,44.84091,-122.870477,,,,,,0
1469,1stFirEB,Stayton Safeway - First @ Fir,N 1ST AV & E FIR ST,44.805253,-122.794434,,,,,,0
1470,SublGolf,Stayton DMV/DHS - Sublimity Rd @ Golf Club Rd,SUBLIMITY RD SE & 2ND ST SE,44.831628,-122.822375,,,,,,0
1482,Mai5thEB,Aumsville - Main @ 5th,MAIN ST & S 5TH ST,44.840749,-122.870452,,,,,,0
1483,JohnStar,Sublimity - Johnson @ Starr,NW JOHNSON ST & NW STARR ST,44.83095,-122.79567,,,,,,0
1484,Was4thEB,Stayton Downtown - Washington @ 4th,E WASHINGTON ST & N 4TH AV,44.800712,-122.791322,,,,,,0
1486,GinGroWB,Mehama - Gingerbread @ Grove,GINGERBREAD ST SE & GROVE ST SE,44.792193,-122.618909,,,,,,0
1487,Main10EB,Lyons - Main @ 10th,1114 UNNAMED RD,44.773539,-122.611164,,,,,,0
1488,CentHore,Gates Park and Ride - Central @ Horeb,W CENTRAL AV & E CENTRAL AV,44.755475,-122.416705,,,,,,0
1489,Ivy1stEB,Mill City - Ivy @ 1st,829 SANTIAM PARK RD SE & UNNAMED RD,44.749211,-122.477588,,,,,,0
1491,1stFirWB,Stayton Safeway - First @ Fir,N 1ST AV & E PINE ST,44.805639,-122.79423,,,,,,0
1492,Was4thWB,Stayton Downtown - Washington @ 4th,E WASHINGTON ST & N 4TH AV,44.800847,-122.791385,,,,,,0
1495,Main10WB,Lyons - Main @ 10th,NORTH SANTIAM HW SE & JENNIE RD SE,44.773708,-122.610995,,,,,,0
1496,Stat3501,3501 State (Roberts H.S.),STATE ST & I 5 NB,44.928059,-122.989884,,,,,,0
1500,KingDall,Dallas Walmart - 321 NE Kings Valley Hwy,E ELLENDALE AV & SE UGLOW AV,44.93141,-123.30832,,,,,,0
1502,13thMonm,Independence Roth's - 13th @ Monmouth St,S 13TH ST & MONMOUTH ST,44.850843,-123.204208,,,,,,0
1506,WashLewi,West Valley Hospital - Washington @ Lewis,SE WASHINGTON ST & SE LEWIS ST,44.919329,-123.310247,,,,,,0
1509,CentPark,Center @ Park,CENTER ST NE & PARK AV NE,44.939791,-122.999366,,,,,,0
1513,MonChuEB,Western Oregon U  - Monmouth Ave @ Church,N MONMOUTH AV & N KNOX ST,44.85222,-123.23748,,,,,,0
1515,Mon2ndEB,Independence Library - Monmouth St @ 2nd,MONMOUTH ST & S 2ND ST,44.851058,-123.185527,,,,,,0
1516,MaiPolEB,Independence North - Main @ Polk,N MAIN ST & N POLK ST,44.860426,-123.184565,,,,,,0
1517,MaiPolWB,Independence North - Main @ Polk,N MAIN ST & N POLK ST,44.860219,-123.184793,,,,,,0
1518,Mon2ndWB,Independence Library - Monmouth St @ 2nd,MONMOUTH ST & S 2ND ST,44.851243,-123.18628,,,,,,0
1520,MonChuWB,Western Oregon U  - Monmouth Ave @ Church,N MONMOUTH AV & N KNOX ST,44.8525,-123.23724,,,,,,0
1522,WashLyle,West Valley Hospital - Washington @ Lyle,SE WASHINGTON ST & SE LEWIS ST,44.919513,-123.312366,,,,,,0
1523,JeffeOak,Dallas Downtown - Jefferson @ Oak,SE JEFFERSON ST & SE MILL ST,44.922499,-123.315207,,,,,,0
1550,12Lesl,12th @ Leslie,12TH ST SE & OAK ST SE,44.931125,-123.030084,,,,,,0
1553,UlalStad,Ulali @ Stadium,,45.008877,-122.999057,,,,,,0
1554,UlalJor,Ulali @ Jorie,,45.007124,-122.999121,,,,,,0
1555,StadUla,Stadium @ Ulali,,45.009326,-122.998445,,,,,,0
1556,McleTepp,McLeod @ Tepper,MCLEOD LN NE & STONE HEDGE DR NE,45.013707,-123.006756,,,,,,0
1557,McleDenn,McLeod @ Dennis Ray,MCLEOD LN NE & ALDINE DR NE,45.00758,-123.006803,,,,,,0
1558,McleManz,McLeod @ Manzanita,MCLEOD LN NE & MANZANITA ST NE,45.011686,-123.006751,,,,,,0
1559,14thSton,14th @ Stone Hedge,14TH AV NE & STONE HEDGE CT NE,45.013723,-123.013484,,,,,,0
1560,ManzTrai,Manzanita @ Trail,MANZANITA ST NE & TRAIL AV NE,45.010611,-123.019449,,,,,,0
1562,ChemIndi,Chemawa @ Chemawa Indian School,CHEMAWA RD NE,45.004479,-122.986448,,,,,,0
1566,RiveBeve,River Rd @ Bever,RIVER RD N & BEVER DR NE,44.979333,-123.026708,,,,,,0
1570,LancStat,Lancaster @ State,LANCASTER DR SE & LA BRANCH ST SE,44.927222,-122.983597,,,,,,0
1573,12thMill,12th @ Mill,12TH ST SE & 13TH BELLEVUE CP SE,44.933766,-123.028879,,,,,,0
1574,WintSalH,Winter @ Oak (Salem Hospital),WINTER ST SE & BELLEVUE ST SE,44.933595,-123.034765,,,,,,0
1579,ParkOnel,Parkmeadow @ Oneil,PARKMEADOW DR NE & O'NEIL RD NE,45.024573,-123.012565,,,,,,0
1580,BarnComm,Barnes @ Commercial,BARNES AV SE & COMMERCIAL ST SE,44.881288,-123.030528,,,,,,0
1583,LibeKueb,Liberty @ Kuebler,LIBERTY RD S & CHARLENE ST S,44.883377,-123.061054,,,,,,0
1584,SkylKueb,Skyline @ Kuebler,SKYLINE RD S & KUEBLER BV S,44.882556,-123.070802,,,,,,0
1585,SunnWood,Sunnyside @ Woodmansee,SUNNYSIDE RD SE & KEGLERS LN SE,44.888348,-123.035751,,,,,,0
1586,BoonCumS,Boone @ Cumberland,BOONE RD SE & HIGH ST NE,44.884904,-123.059622,,,,,,0
1587,BoonCumN,Boone @ Cumberland,BOONE RD SE & CUMBERLAND CT SE,44.885146,-123.059924,,,,,,0
1590,TradChur,Trade @ Church,TRADE ST SE & HIGH ST SE,44.937163,-123.036999,,,,,,0
1591,RyanCarw,Ryan @ Carwash,RYAN DR SE & VALE CT SE,44.919522,-123.00053,,,,,,0
1595,PrinChur,Pringle Pkwy @ Church,PRINGLE PY SE & VALE CT SE,44.938052,-123.035616,,,,,,0
1598,BroaBelm,Broadway @ Belmont,BROADWAY ST NE & E ST NE,44.949864,-123.032194,,,,,,0
1599,CommBell,Commercial @ Bellevue,COMMERCIAL ST SE & TRADE ST SE,44.936731,-123.042441,,,,,,0
1600,CommRoyv,Commercial @ Royvonne,COMMERCIAL ST SE & TRADE ST SE,44.884683,-123.031998,,,,,,0
1602,MadrFirc,Madras @ Fircrest,MADRAS ST SE & FIRCREST ST SE,44.866212,-123.024785,,,,,,0
1606,Fire6062,Fire Protection Way @ Buildings 60 & 62,FIRE PROTECTION WY NE & EAST CAMPUS LP NE,44.976752,-122.975053,,,,,,0
1608,45thPaci,45th @ Pacifica,45TH AV NE & PACIFICA WY NE,44.974028,-122.973303,,,,,,0
1614,SunnIcab,Sunnyview @ Icabod,SUNNYVIEW RD NE & GREENTREE DR NE,44.954832,-122.967621,,,,,,0
1618,WalkFutu,Walker @ Future,WALKER RD NE & SUNNYVIEW RD NE,44.951838,-122.963449,,,,,,0
1623,WallGlen,Wallace @ Glen Creek,WALLACE RD NW & GLEN CREEK RD NW,44.950396,-123.051822,,,,,,0
1634,MildMarE,Mildred @ Marstone,MILDRED LN SE,44.872932,-123.029049,,,,,,0
1635,BarnLesS,Barnes @ Les Schwab,BARNES AV SE & MARSTONE CT SE,44.881098,-123.027637,,,,,,0
1637,ChurMilE,Church @ Mill Creek,CHURCH ST NE & HIGH ST SE,44.946427,-123.031721,,,,,,0
1638,17thKans,17th @ Kansas,17TH ST NE & KANSAS AV NE,44.944827,-123.015353,,,,,,0
1639,LansDorE,Lansing @ Dorothy,LANSING AV NE & RAWLINS AV NE,44.957583,-122.997544,,,,,,0
1640,LansKeeE,Lansing @ Keen,LANSING AV NE & KEEN AV NE,44.962058,-122.997495,,,,,,0
1641,HawtSilE,Hawthorne @ Silverton,HAWTHORNE AV NE & SILVERTON RD NE,44.968937,-122.991554,,,,,,0
1642,HawtNorE,Hawthorne @ Northgate Park,HAWTHORNE AV NE & SILVERTON RD NE,44.972516,-122.991486,,,,,,0
1643,HawtFelE,Hawthorne @ Felina,HAWTHORNE AV NE & FELINA AV NE,44.975986,-122.991463,,,,,,0
1644,HawtFelW,Hawthorne @ Felina,HAWTHORNE AV NE & FELINA AV NE,44.976362,-122.991798,,,,,,0
1645,HawtNorW,Hawthorne @ Northgate Park,HAWTHORNE AV NE & SILVERTON RD NE,44.97257,-122.991746,,,,,,0
1646,HawtSilW,Hawthorne @ Silverton,HAWTHORNE AV NE & SILVERTON RD NE,44.968832,-122.991776,,,,,,0
1647,LansSedo,Lansing @ Sedona,LANSING AV NE & SEDONA AV NE,44.965652,-122.997642,,,,,,0
1648,LansKeeW,Lansing @ Keen,LANSING AV NE & KEEN AV NE,44.961399,-122.997671,,,,,,0
1649,LansDorW,Lansing @ Dorothy,LANSING AV NE & DOROTHY ST NE,44.957942,-122.99776,,,,,,0
1650,LansSunn,Lansing @ Sunnyview,LANSING AV NE & BRENNA AV NE,44.954169,-122.997825,,,,,,0
1651,ChurMilW,Church @ Mill Creek,CHURCH ST NE & BRENNA AV NE,44.94625,-123.032073,,,,,,0
1654,LancWine,Lancaster @ Winema,LANCASTER DR NE & ADEN PL NE,44.974099,-122.98323,,,,,,0
1655,Jade47th,Jade @ 47th,JADE ST NE & 47TH AV NE,44.986156,-122.965663,,,,,,0
1656,47thWarE,47th @ Ward,47TH AV NE & WARD DR NE,44.98301,-122.96669,,,,,,0
1657,47thSatE,47th @ Satter,47TH AV NE & CAMPUS CT NE,44.98037,-122.966874,,,,,,0
1661,47thWarW,47th @ Ward,47TH AV NE & WARD DR NE,44.982627,-122.966617,,,,,,0
1662,47thJade,47th @ Jade,47TH AV NE & WHITMAN CR NE,44.985698,-122.966019,,,,,,0
1665,ChurMiss,Church @ Mission,CHURCH ST SE & LESLIE ST SE,44.932849,-123.038609,,,,,,0
1666,ChurTrad,Church @ Trade,CHURCH ST SE & BELLEVUE ST SE,44.936345,-123.036859,,,,,,0
1668,MadrPeck,Madrona @ Peck,MADRONA AV SE & 12TH ST SE,44.905122,-123.03437,,,,,,0
1669,MadrPion,Madrona @ Pioneer,MADRONA AV SE & PIONEER DR SE,44.905113,-123.038187,,,,,,0
1670,MadrComm,Madrona @ Commercial,MADRONA AV SE & COMMERCIAL ST SE,44.904852,-123.040787,,,,,,0
1672,SummSpri,Summercrest @ Springcrest,SUMMERCREST DR S & SPRINGCREST DR S,44.879861,-123.072359,,,,,,0
1673,RedElmw,Red Leaf @ Elmwood,RED LEAF DR S & ELMWOOD DR S,44.877154,-123.07057,,,,,,0
1674,DaviRedl,Davis @ Red Leaf,DAVIS RD S & ELMWOOD DR S,44.872962,-123.068552,,,,,,0
1675,DaviJoyn,Davis @ Joynak,DAVIS RD S & ELMWOOD DR S,44.873071,-123.06404,,,,,,0
1676,LibeRocE,Liberty @ Rock Creek,LIBERTY RD S & HOLDER LN SE,44.87622,-123.061313,,,,,,0
1677,LibeKevi,Liberty @ Kevin,LIBERTY RD S & KEVIN WY SE,44.880223,-123.061154,,,,,,0
1678,BoonLone,Boone @ Lone Oak,,44.883361,-123.051406,,,,,,0
1679,BoonPam,Boone @ Pam,BOONE RD SE & PAM AV SE,44.882929,-123.042223,,,,,,0
1680,BoonSunn,Boone @ Sunnyside,BOONE RD SE & SUNNYSIDE RD SE,44.882941,-123.037705,,,,,,0
1681,13thAmtr,13th @ Amtrak,13TH ST SE & SUNNYSIDE RD SE,44.932508,-123.02846,,,,,,0
1682,CroiRedo,Croisan Scenic @ Red Oak,CROISAN SCENIC WY S & SUNNYSIDE RD SE,44.880444,-123.073678,,,,,,0
1683,CroiCoun,Croisan Scenic @ Country,CROISAN SCENIC WY S & SUNNYSIDE RD SE,44.882529,-123.072957,,,,,,0
1684,IdylJonS,Idylwood @ Jones,IDYLWOOD DR SE & JONES RD SE,44.890782,-123.044715,,,,,,0
1686,SunnBoxE,Sunnyside @ Boxwood,SUNNYSIDE RD SE & BOXWOOD LN SE,44.886031,-123.036232,,,,,,0
1687,IdylJonN,Idylwood @ Jones,IDYLWOOD DR SE & JONES RD SE,44.890989,-123.044917,,,,,,0
1688,LoneHrub,Lone Oak @ Hrubetz,LONE OAK RD SE & ARLENE AV SE,44.888392,-123.049329,,,,,,0
1689,LoneBoon,Lone Oak @ Boone,LONE OAK RD SE & LORI AV SE,44.883666,-123.051077,,,,,,0
1695,RiveManE,River Rd @ Manzanita,RIVER RD N & SALEM INDUSTRIAL DR NE,45.01118,-123.020729,,,,,,0
1696,CherShaW,Cherry @ Shady,CHERRY AV NE & HOPKINS CT NE,44.979881,-123.023394,,,,,,0
1697,CherLocW,Cherry @ Locust,CHERRY AV NE & JOHNSON ST NE,44.964514,-123.019512,,,,,,0
1698,Pine5th,Pine @ 5th,PINE ST NE & 5TH ST NE,44.962335,-123.027676,,,,,,0
1700,RiveHidd,River Rd @ Hidden Creek,RIVER RD NE & 5TH ST NE,45.014206,-123.020059,,,,,,0
1701,RiveNort,River Rd @ Northrup,RIVER RD NE & NORTHRUP CT NE,45.019736,-123.017954,,,,,,0
1702,ParkWhea,Parkmeadow @ Wheatland,PARKMEADOW DR NE & WHEATLAND RD N,45.024266,-123.024877,,,,,,0
1703,WheaRidg,Wheatland @ Ridgecrest,WHEATLAND RD N & RIDGECREST DR N,45.021246,-123.025373,,,,,,0
1704,WheaRusW,Wheatland @ Russett,WHEATLAND RD N & DELTA CT N,45.017085,-123.02423,,,,,,0
1705,WheaRive,Wheatland @ River Rd,WHEATLAND RD N & DELTA CT N,45.012205,-123.021321,,,,,,0
1706,Fair27th,Fairview Industrial @ 27th,FAIRVIEW INDUSTRIAL DR SE & 27TH CT SE,44.895372,-123.004826,,,,,,0
1707,Fai27thE,Fairview Industrial @ 27th,FAIRVIEW INDUSTRIAL DR SE & 27TH CT SE,44.895534,-123.004763,,,,,,0
1710,Fa4051SB,4051 Fairview Industrial,FAIRVIEW INDUSTRIAL DR SE,44.894841,-123.000287,,,,,,0
1711,Fa4050NB,4050 Fairview Industrial,FAIRVIEW INDUSTRIAL DR SE & VALE CT SE,44.894823,-122.999907,,,,,,0
1714,BattKueb,Battle Creek @ Kuebler,BATTLE CREEK RD SE & BOONE RD SE,44.883882,-123.012094,,,,,,0
1728,EolaBurl,Eola @ Burley Hill,0 EOLA DR NW & BURLEY HILL DR NW,44.942955,-123.08703,,,,,,0
1729,BurlFeat,Burley Hill @ Feather Sky,0 BURLEY HILL DR NW & FEATHER SKY ST NW,44.945463,-123.083276,,,,,,0
1736,BoonLonN,Boone @ Lone Oak,BOONE RD SE & DAKOTA RD SE,44.883424,-123.050861,,,,,,0
1743,BarnReed,Barnes @ Reed,BARNES AV SE & REED LN SE,44.881035,-123.015683,,,,,,0
1744,SunnBoIB,Sunnyside @ Boone,SUNNYSIDE RD SE & BOONE RD SE,44.883389,-123.036752,,,,,,0
1745,CommHilf,Commercial @ Hilfiker,COMMERCIAL ST SE & HILFIKER LN SE,44.891317,-123.035225,,,,,,0
1746,TitaOrcE,Titan @ Orchard Heights (West Salem HS),,44.959462,-123.08608,,,,,,0
1747,MainEcol,Monmouth - Main @ Ecols,E MAIN ST & N CATRON ST,44.84846,-123.23157,,,,,,0
1748,MaiCatWB,Monmouth - Main @ Catron,,44.84859,-123.2311,,,,,,0
1749,BroaMarE,Broadway @ Market,BROADWAY ST NE & GAINES ST NE,44.951398,-123.031171,,,,,,0
1751,4thDougl,Gervais - 4th @ Douglas,4TH ST & DOUGLAS AV,45.107431,-122.899216,,,,,,0
1752,PorRivNB,Brooks - Portland Rd @ Riverton,PORTLAND RD NE & RIVERTON ST NE,45.047324,-122.954587,,,,,,0
1753,CenFaiWB,Silverton Hospital - Center @ Fairview,W CENTER ST & FAIRVIEW ST,45.003365,-122.790174,,,,,,0
1754,CenFaiEB,Silverton Hospital - Center @ Fairview,W CENTER ST & FAIRVIEW ST,45.003204,-122.790161,,,,,,0
1755,Boise2nd,Turner - Boise @ 2nd,BOISE ST SE & 3RD ST SE,44.843021,-122.951912,,,,,,0
1756,SunnMilE,Sunnyside @ Mildred,SUNNYSIDE RD SE & MILDRED LN SE,44.870659,-123.03514,,,,,,0
1757,AumDepoS,Aumsville Hwy @ Depot,,44.896388,-122.964223,,,,,,0
1758,AumDepoN,Aumsville Hwy @ Depot,,44.897129,-122.964919,,,,,,0
1763,Ivy1stWB,Mill City - Ivy @ 1st,GINGERBREAD ST SE & HWY 226 SE,44.749267,-122.477547,,,,,,0
1764,GinGroEB,Mehama - Gingerbread @ Grove,GINGERBREAD ST SE & HWY 226 SE,44.79204,-122.618809,,,,,,0
1765,CommOwen,Commercial @ Owens,OWENS ST SE & COMMERCIAL ST SE,44.929931,-123.044225,,,,,,0
1766,SkylLibW,Skyline @ Liberty Circle,SKYLINE RD S,44.889297,-123.061957,,,,,,0
1767,SkylJosW,Skyline @ Joseph,SKYLINE RD S & 14TH PL S,44.886394,-123.066532,,,,,,0
1768,SilvPorS,Silverton Rd @ Portland Rd,,44.9605471,-123.014815,,,,,,0
1769,SilvPort,Silverton Rd @ Portland Rd,,44.960471,-123.014815,,,,,,0
1777,SilvLana,Silverton Rd @ Lana,,44.964701,-123.00409,,,,,,0
1778,Fair3831,3831 Fairview Industrial,FAIRVIEW INDUSTRIAL DR SE & STRONG RD SE,44.900494,-123.013085,,,,,,0
1780,BoonTerr,Boone @ Terrylee,BOONE RD SE & TERRYLEE CT SE,44.884331,-123.056345,,,,,,0
1781,BoonNina,Boone @ Nina,BOONE RD SE & NINA AV SE,44.884267,-123.05521,,,,,,0
1785,45thBrow,45th @ Brown Lot (CCC),45TH AV NE & MILKEY WY NE,44.9787,-122.97323,,,,,,0
1786,LancSilv,Lancaster @ Silverton Rd,LANCASTER DR NE & SILVERTON RD NE,44.970222,-122.983347,,,,,,0
1787,CascGolf,Stayton Park and Ride - Cascade Hwy @ Golf,CASCADE HW SE,44.815035,-122.794083,,,,,,0
1788,TurnerWM,Salem Walmart - 1950 Turner Rd,TURNER RD SE & S 5TH ST,44.913242,-122.996591,,,,,,0
1791,32ndLitW,32nd @ Litchfield,0 32ND AV SE & LITCHFIELD PL SE,44.887599,-122.995764,,,,,,0
1792,32ndLitE,32nd @ Litchfield,,44.887671,-122.99552,,,,,,0
1793,279025th,2790 25th,,44.911955,-123.010086,,,,,,0
1794,ChemMcle,Chemawa @ McLeod,,45.00503,-123.004422,,,,,,0
1795,ParkMeaN,Parkmeadow @ Meadowglen,PARKMEADOW DR NE & MEADOWGLEN ST NE,45.024966,-123.01761,,,,,,0
1796,SunnWalk,Sunnyview @ Walker,SUNNYVIEW RD NE,44.954857,-122.962748,,,,,,0
1797,CommFabN,Commercial @ Fabry,COMMERCIAL ST SE & WILTSEY RD SE,44.874042,-123.025081,,,,,,0
1798,SattBram,Satter @ Bramble,SATTER DR NE & MERRIMAC CT NE,44.980075,-122.970493,,,,,,0
1799,2ndBowSB,Silverton Roth's - 2nd @ Bowtie,N 2ND ST & BOWTIE LN,45.012763,-122.784005,,,,,,0
1800,2ndBowNB,Silverton Roth's - 2nd @ Bowtie,N 2ND ST & BOWTIE LN,45.012781,-122.783777,,,,,,0
1802,OrchMouS,Orchard Heights @ Mousebird,,44.960179,-123.072483,,,,,,0
1803,OrchLinS,Orchard Heights @ Linwood,,44.960152,-123.066696,,,,,,0
1804,OrchChaW,Orchard Heights @ Chapman Hill,,44.957152,-123.063414,,,,,,0
1805,OrchKarS,Orchard Heights @ Karen,,44.955451,-123.059042,,,,,,0
1806,OrchValS,Orchard Heights @ Valley View,,44.954302,-123.055736,,,,,,0
1807,GehlCroS,Gehlar @ Crouchen,,44.944592,-123.093218,,,,,,0
1808,GlenSunN,Glen Creek @ Sunburst,,44.950236,-123.07131,,,,,,0
1809,GlenBurN,Glen Creek @ Burley Hill,,44.950898,-123.077888,,,,,,0
1810,DoakGleN,Glen Creek @ Doaks Ferry,,44.952252,-123.084872,,,,,,0
1811,TitaIslE,Titan @ Islander,,44.95503,-123.087041,,,,,,0
1812,BurlPolN,Burley Hill @ Polk,,44.943839,-123.08556,,,,,,0
1813,EolaEagN,Eola @ Eagle Feather,,44.942867,-123.093432,,,,,,0
1814,EolaSunS,Eola @ Sunwood,,44.942761,-123.086126,,,,,,0
1815,BurlDeeW,Burley Hill @ Deerwind,,44.950303,-123.076697,,,,,,0
1816,BurlFawN,Burley Hill @ Fawn,,44.94827,-123.080866,,,,,,0
1819,OakRobb,Dallas Downtown - Oak @ Robb,,44.922661,-123.31754,,,,,,0
1820,WallGleE,Wallace @ Glen Creek,,44.950486,-123.051599,,,,,,0
1821,RiveLinN,Riverbend @ Linwood,,44.968151,-123.065025,,,,,,0
1822,LinwOrcN,Linwood @ Orchardview,,44.965967,-123.064507,,,,,,0
1823,OrchWooN,Orchardview @ Woodhill,,44.96569,-123.060707,,,,,,0
1824,1stLewiW,Silverton Downtown - 1st @ Lewis,,45.004794,-122.78158,,,,,,0
1825,1stLewiE,Silverton Downtown - 1st @ Lewis,,45.00494,-122.781508,,,,,,0
1826,DTC-A,Downtown Transit Center - Bay A,,44.940993,-123.03606,,,,,,0
1827,DTC-B,Downtown Transit Center - Bay B,,44.940942,-123.035902,,,,,,0
1829,DTC-D,Downtown Transit Center - Bay D,,44.94083,-123.03541,,,,,,0
1830,DTC-E,Downtown Transit Center - Bay E,,44.940775,-123.035132,,,,,,0
1831,DTC-F,Downtown Transit Center - Bay F,,44.94095,-123.035091,,,,,,0
1832,DTC-G,Downtown Transit Center - Bay G,,44.940999,-123.035288,,,,,,0
1833,DTC-H,Downtown Transit Center - Bay H,,44.941051,-123.035489,,,,,,0
1834,DTC-I,Downtown Transit Center - Bay I,,44.941102,-123.035693,,,,,,0
1836,DTC-K,Downtown Transit Center - Bay K,,44.941191,-123.036101,,,,,,0
1837,DTC-L,Downtown Transit Center - Bay L,,44.941242,-123.035979,,,,,,0
1838,DTC-M,Downtown Transit Center - Bay M,,44.941193,-123.035783,,,,,,0
1839,DTC-N,Downtown Transit Center - Bay N,,44.94114,-123.035571,,,,,,0
1840,DTC-O,Downtown Transit Center - Bay O,,44.941091,-123.035378,,,,,,0
1841,DTC-P,Downtown Transit Center - Bay P,,44.941044,-123.035192,,,,,,0
1842,DTC-Q,Downtown Transit Center - Bay Q,,44.941006,-123.034986,,,,,,0
1843,DTC-R,Downtown Transit Center - Bay R,,44.941193,-123.035013,,,,,,0
1845,DTC-T,Downtown Transit Center - Bay T,,44.941304,-123.035447,,,,,,0
1846,DTC-U,Downtown Transit Center - Bay U,,44.941359,-123.035674,,,,,,0
1847,DTC-V,Downtown Transit Center - Bay V,,44.941422,-123.03597,,,,,,0
1851,KTC-D,Keizer Transit Center - Bay D,,45.006981,-123.00211,,,,,,0
1852,KTC-E,Keizer Transit Center - Bay E,,45.006792,-123.002105,,,,,,0
1853,KTC-F,Keizer Transit Center - Bay F,,45.006613,-123.002105,,,,,,0
1854,KTC-G,Keizer Transit Center - Bay G,,45.006443,-123.002115,,,,,,0
1859,WSTC-D,West Salem Transit Center - Bay D,,44.951103,-123.048468,,,,,,0
1860,WSTC-E,West Salem Transit Center - Bay E,,44.950949,-123.048466,,,,,,0
1861,WSTC-F,West Salem Transit Center - Bay F,,44.950786,-123.048469,,,,,,0
1862,WSTC-G,West Salem Transit Center - Bay G,,44.950604,-123.048466,,,,,,0
1863,CCC-A,Chemeketa College - Bldg 2 - Bay A,,44.979028,-122.978941,,,,,,0
1864,CCC-B,Chemeketa College - Bldg 2 - Bay B,,44.979343,-122.978925,,,,,,0
1865,CCC-C,Chemeketa College - Bldg 2 - Bay C,,44.979448,-122.979122,,,,,,0
1866,CCC-D,Chemeketa College - Bldg 2 - Bay D,,44.979223,-122.979214,,,,,,0
1867,CCC-E,Chemeketa College - Bldg 2 - Bay E,,44.97956,-122.980057,,,,,,0
1869,Sil45thN,Silverton @ 45th,,44.970178,-122.97265,,,,,,0
1870,WheMcNaW,Wheatland @ McNary Heights,,45.014658,-123.023107,,,,,,0
1871,CapiShip,Capitol @ Shipping,,44.951927,-123.021735,,,,,,0
1872,2045Silv,2045 Silverton Rd,,44.963093,-123.00828,,,,,,0
1873,RyaHawtS,Ryan @ Hawthorne,,44.919702,-122.997812,,,,,,0
1874,HawMissW,Hawthorne @ Mission,,44.918645,-122.997534,,,,,,0
1875,25thMisE,25th @ Mission,,44.923165,-123.010556,,,,,,0
1877,RoyaSqui,Royalty @ Squire,,44.947606,-122.968513,,,,,,0
1878,Stat3620,3620 State  (Roberts H.S.),STATE ST & I 5 NB,44.927827,-122.989104,,,,,,0
1879,17thNeb,17th @ Nebraska,,44.945868,-123.015074,,,,,,0
